Time, Low, High, Open, Close, Volume
2015-04-27,206.35250000000002,206.35250000000002,206.35250000000002,206.35250000000002,0.03989
2015-04-28,206.9157142857143,206.9157142857143,206.9157142857143,206.9157142857143,0.08692857142857144
2015-04-29,203.58974226804122,203.6169587628866,203.60427835051544,203.60206185567014,0.37784515463917545
2015-04-30,208.28449101796417,208.3122155688624,208.30257485029952,208.29305389221568,0.22037233323353284
2015-05-01,210.08441558441555,210.08506493506493,210.08506493506493,210.08441558441555,0.19424844155844148
2015-05-02,210.2610447761194,210.26641791044773,210.26641791044773,210.2610447761194,0.110595037761194
2015-05-03,214.43840000000014,214.44060000000016,214.43840000000014,214.44060000000016,0.24583174240000022
2015-05-04,215.90496969696983,215.91593939393957,215.91303030303044,215.90884848484865,0.21867667272727256
2015-05-05,215.66317948717952,215.83389743589748,215.71794871794876,215.77912820512825,0.5700835897435897
2015-05-06,213.20419161676637,213.27233532934125,213.2127544910179,213.26377245508976,0.46546594353293386
2015-05-07,205.78594444444428,205.8333333333332,205.79366666666655,205.82416666666649,0.3662543333333332
2015-05-08,214.1441610738256,214.22818791946315,214.20469798657726,214.1676510067115,0.5870988048993294
2015-05-09,216.26079646017706,216.28141592920363,216.26230088495586,216.27991150442483,0.2928747787610621
2015-05-10,215.99411764705886,215.9962352941177,215.99411764705886,215.9962352941177,0.21939285117647056
2015-05-11,217.13439189189194,217.13932432432438,217.1367567567568,217.13695945945952,0.39104923648648643
2015-05-12,215.90999999999994,215.9176543209876,215.91327160493822,215.9139506172839,0.2208823456790121
2015-05-13,215.13176923076912,215.13792307692296,215.13584615384607,215.1337692307691,0.19736011692307698
2015-05-14,208.16553191489353,208.1759574468084,208.17517730496445,208.16631205673752,0.30068008581560307
2015-05-15,208.27059405940588,208.27158415841578,208.27089108910886,208.2712871287128,0.3691512871287131
2015-05-16,208.3552083333333,208.36249999999998,208.3552083333333,208.36249999999998,0.34287
2015-05-17,208.21615384615387,208.21615384615387,208.21615384615387,208.21615384615387,0.6942878846153844
2015-05-18,208.35136363636377,208.3613636363638,208.35772727272743,208.35500000000013,0.48770189393939395
2015-05-19,208.9994690265488,209.0086725663718,208.99964601769923,209.0084955752214,0.3721632743362832
2015-05-20,210.73734375,210.74656250000004,210.74546875000001,210.7384375,0.43881445312499995
2015-05-21,211.84700854700856,211.85641025641027,211.85529914529917,211.84863247863248,0.26962119658119643
2015-05-22,213.7732592592592,213.82037037037034,213.80222222222218,213.78881481481474,0.43002369703703697
2015-05-23,217.56938144329894,217.58845360824736,217.58783505154636,217.56999999999994,0.330049206185567
2015-05-24,218.025299145299,218.04461538461524,218.02923076923062,218.04076923076906,0.39449074641025633
2015-05-25,216.84358108108103,216.85756756756754,216.8506756756756,216.84898648648647,0.376934054054054
2015-05-26,217.74725146198816,217.7766081871344,217.76777777777767,217.75555555555545,0.5273012697660823
2015-05-27,218.1081666666667,218.16205555555564,218.15394444444453,218.11722222222227,0.43801904122222196
2015-05-28,217.12532051282054,217.18006410256405,217.16339743589742,217.16416666666663,0.45355842057692297
2015-05-29,215.63417475728156,215.6390291262136,215.63514563106796,215.6380582524272,0.3832342718446602
2015-05-30,213.70136363636357,213.70454545454538,213.70439393939387,213.70151515151508,0.18754171045454543
2015-05-31,213.01381443298953,213.0685567010308,213.0285567010308,213.03597938144313,0.2809094432989691
2015-06-01,208.55519337016554,208.71325966850804,208.64458563535882,208.663535911602,0.2874103471823205
2015-06-02,204.42045112781955,204.45022556390975,204.42278195488723,204.44789473684207,0.33002850375939874
2015-06-03,202.88938053097328,202.94566371681404,202.91814159292025,202.9102654867255,0.27997327433628333
2015-06-04,202.1096183206108,202.12923664122147,202.12916030534362,202.11053435114513,0.35498185748091604
2015-06-05,201.57152173913042,201.5821739130435,201.5816304347826,201.57228260869562,0.5909914945652174
2015-06-06,202.63883333333328,202.63883333333328,202.63883333333328,202.63883333333328,0.40915983333333333
2015-06-07,202.51325581395344,202.51860465116272,202.51325581395344,202.51860465116272,0.33625953488372096
2015-06-08,202.33755395683454,202.3789928057554,202.35287769784173,202.3636690647482,0.27700791366906474
2015-06-09,204.2324347826087,204.2660869565217,204.23947826086956,204.25973913043475,0.5445875652173914
2015-06-10,202.62858333333324,202.6366666666666,202.6366666666666,202.62858333333324,0.34798487775000003
2015-06-11,203.99719008264458,203.99966942148754,203.99809917355367,203.99867768595035,0.49169917818181813
2015-06-12,204.84774869109938,204.85209424083757,204.8494764397905,204.8502617801046,0.45205554973821993
2015-06-13,204.93289473684206,204.93666666666658,204.933947368421,204.93535087719292,0.20938794561403518
2015-06-14,207.77597701149415,207.7771264367815,207.77597701149415,207.77632183908034,0.27160545287356325
2015-06-15,209.81179591836738,209.82240816326535,209.81771428571432,209.81604081632656,0.4567639102448978
2015-06-16,216.75513595166174,216.81993957703938,216.80305135951673,216.7739577039276,0.5628746831117825
2015-06-17,223.96332129963906,223.99231046931405,223.97725631768958,223.97963898916967,0.7277653303249096
2015-06-18,218.80282352941163,218.81972549019585,218.8094117647057,218.81207843137238,0.6794579098039221
2015-06-19,219.61461956521734,219.62641304347818,219.61978260869563,219.6210326086956,0.5388081576086957
2015-06-20,214.65578431372546,214.65598039215678,214.65588235294112,214.65588235294112,0.7854431372549014
2015-06-21,215.27920792079212,215.28138613861387,215.28118811881194,215.27940594059407,0.2604068207920792
2015-06-22,217.02280542986443,217.03728506787348,217.02963800904996,217.0301357466065,0.6803719457013574
2015-06-23,218.56879807692306,218.5866346153845,218.57663461538448,218.57610576923074,0.4819949543269232
2015-06-24,216.4520833333335,216.45964285714302,216.4556547619049,216.45440476190495,0.3213775535119049
2015-06-25,216.1328160919541,216.13965517241388,216.13396551724145,216.13850574712652,0.4114582097701151
2015-06-26,216.36872180451135,216.37142857142862,216.37082706766924,216.36932330827074,0.526891902255639
2015-06-27,221.0919186046511,221.10191860465116,221.0986046511627,221.09552325581396,0.7461109186046513
2015-06-28,224.98232558139543,225.00162790697678,224.99193798449622,224.99108527131787,0.5806485348062016
2015-06-29,227.86529661016942,227.8777966101694,227.87008474576263,227.87322033898297,0.4798096610169492
2015-06-30,236.27659763313602,236.31183431952647,236.28964497041414,236.29964497041408,0.4929474582840242
2015-07-01,233.34604729729733,233.36543918918923,233.3538513513514,233.35905405405404,0.5172802516891889
2015-07-02,231.6756972111555,231.69796812749007,231.69043824701197,231.68394422310772,0.4866756374501994
2015-07-03,229.6790731707318,229.68648780487814,229.68556097560983,229.6800000000001,0.417355390243903
2015-07-04,231.63511627906956,231.6835658914727,231.63643410852688,231.6823255813952,0.6007360465116279
2015-07-05,235.44860360360363,235.8359459459461,235.6000450450451,235.68864864864878,1.295478636666666
2015-07-06,247.09469453376215,247.13157556270116,247.10781350482333,247.12032154340844,0.5757045046623797
2015-07-07,244.33553719008233,244.35696969696946,244.34382920110164,244.34691460055066,0.6931668024793388
2015-07-08,244.67344947735182,244.69864111498242,244.68811846689883,244.68411149825766,0.7292736534146335
2015-07-09,244.93185950413238,244.95359504132253,244.9425206611573,244.94322314049603,0.7500711776859508
2015-07-10,255.2493434343434,255.31176767676752,255.28388888888873,255.2765909090908,0.9072974591414145
2015-07-11,262.72350515463904,262.7477835051545,262.73154639175243,262.73912371134,0.690574120206186
2015-07-12,275.763595166163,275.79501510574005,275.7819939577037,275.7802114803624,0.8198765116314195
2015-07-13,263.40106598984795,263.4915482233505,263.4520304568531,263.4400761421322,0.9832176547715736
2015-07-14,264.7173737373738,264.77057239057257,264.7447474747476,264.741851851852,0.7379731678451181
2015-07-15,265.32978658536547,265.3476219512193,265.34204268292655,265.3357926829265,0.5291158090853657
2015-07-16,258.73480769230775,258.8006089743591,258.76589743589756,258.77003205128216,0.6375453454166665
2015-07-17,255.67713826366563,255.70713826366548,255.68784565916397,255.69408360128614,0.4535632646623797
2015-07-18,257.9434375,257.96339285714276,257.95370535714284,257.9537053571428,0.4135042037053573
2015-07-19,256.30230769230775,256.3674125874127,256.35132867132876,256.3487412587413,0.9313215987412596
2015-07-20,259.9078915662651,259.9615662650602,259.90867469879515,259.96078313253014,0.7612975545180726
2015-07-21,256.9795020746887,256.9889626556016,256.98634854771774,256.9822821576763,0.8481342531120332
2015-07-22,253.61673575129532,253.63031088082906,253.62476683937828,253.6251813471503,0.634851062953368
2015-07-23,252.8934146341465,252.900536585366,252.8957073170733,252.89829268292698,0.48750025365853644
2015-07-24,259.98373949579826,260.013781512605,259.98945378151257,260.0063445378151,0.5927329551260505
2015-07-25,263.8952413793105,263.9075172413795,263.89724137931046,263.9037241379312,0.438910739586207
2015-07-26,266.3559872611464,266.3756050955413,266.3608917197451,266.37025477707,0.40083979802547776
2015-07-27,264.2308771929824,264.3281286549707,264.2981871345029,264.2642690058479,0.8268843215789473
2015-07-28,267.502142857143,267.5336813186815,267.5173076923078,267.519175824176,0.28022420626373634
2015-07-29,264.6219553072624,264.6587709497205,264.6503351955306,264.63033519553056,0.4011948550279332
2015-07-30,264.2312777777776,264.24422222222205,264.2391666666665,264.23633333333316,0.4075663091111111
2015-07-31,262.29636363636365,262.33128342245993,262.3295721925134,262.2980748663102,0.5820517132620323
2015-08-01,257.75230088495573,257.7630088495574,257.7567256637168,257.75849557522116,0.5021869738053095
2015-08-02,257.2798901098903,257.28637362637375,257.28637362637375,257.2798901098903,0.28216803956043973
2015-08-03,259.53594405594407,259.5593706293706,259.54615384615386,259.5493006993007,0.4257050489510491
2015-08-04,260.0875362318842,260.1197584541064,260.0989855072465,260.11396135265704,0.9546025875845411
2015-08-05,259.9621710526316,259.99138157894737,259.9743421052632,259.9792763157895,1.0418268986842107
2015-08-06,256.2456363636364,256.3155151515151,256.3013333333333,256.25975757575753,0.7910879229090908
2015-08-07,255.5563333333335,255.5658666666669,255.5606666666669,255.5603333333335,0.6553689511999998
2015-08-08,249.7852100840336,249.8405042016807,249.83983193277314,249.78588235294114,0.4806615462184875
2015-08-09,243.96971910112364,243.99685393258423,243.98325842696627,243.9911235955056,0.3552142835955057
2015-08-10,245.0627659574469,245.15092198581564,245.10425531914902,245.11439716312066,0.5320940804255319
2015-08-11,245.99060747663574,246.0613084112152,246.00242990654232,246.04892523364506,0.8092135046261681
2015-08-12,245.51034883720934,245.55848837209314,245.5422868217055,245.52697674418613,0.825445995155039
2015-08-13,241.66745283018892,241.69820754717003,241.68665094339644,241.67929245283045,0.39712716556603794
2015-08-14,242.32687116564406,242.36361963190168,242.33889570552134,242.3615337423312,0.4921562944785276
2015-08-15,243.20958762886596,243.2574226804124,243.25412371134027,243.21443298969072,0.5392884536082474
2015-08-16,237.57700000000014,237.62233333333342,237.59708333333347,237.60200000000015,0.3760336833333336
2015-08-17,236.04987878787873,236.06751515151507,236.0621818181817,236.05642424242419,0.48877319509090905
2015-08-18,233.69642553191485,233.75021276595743,233.7129787234042,233.73365957446808,0.4028606900000001
2015-08-19,214.77655737704924,214.88691803278692,214.84524590163934,214.8519016393443,0.47473432016393463
2015-08-20,213.05096774193544,213.09741935483885,213.08138709677422,213.07100000000008,0.5595625743225809
2015-08-21,207.9905376344086,208.04473118279572,208.02921146953406,208.00401433691758,0.6757220987813617
2015-08-22,201.43883620689658,201.4637068965517,201.45017241379313,201.45077586206898,0.5200067144396552
2015-08-23,201.80283582089547,201.84238805970134,201.8102985074626,201.8363184079601,1.731622379651741
2015-08-24,192.82878220140515,192.910281030445,192.85896955503512,192.86854800936771,0.8711895340281032
2015-08-25,190.61060046189377,190.66304849884543,190.62875288683605,190.6454272517323,0.5615914393764433
2015-08-26,199.40085416666645,199.43570833333325,199.4185624999999,199.41831249999987,0.636002725604166
2015-08-27,199.2135359116024,199.22709944751406,199.21928176795598,199.2205248618787,0.6754469505524859
2015-08-28,201.96113564668767,201.98567823343848,201.96611987381704,201.98018927444792,0.7514190696529967
2015-08-29,206.27719101123603,206.28112359550568,206.27915730337085,206.27910112359555,0.5927349964606741
2015-08-30,204.814705882353,204.82352941176478,204.81960784313733,204.81915032679746,0.42340681830065374
2015-08-31,205.60313901345282,205.61376681614342,205.60914798206267,205.60887892376675,0.7055651743049326
2015-09-01,204.53120418848198,204.54952879581177,204.54047120418878,204.54047120418872,1.9436885049476444
2015-09-02,205.2488995215311,205.28808612440181,205.26607655502386,205.27100478468896,0.8744981561244016
2015-09-03,204.8830769230768,204.924979757085,204.9063157894736,204.89898785425095,1.9307393568421065
2015-09-04,205.93695473251015,205.95181069958824,205.94662551440308,205.93971193415618,0.7655256078189302
2015-09-05,209.06876543209862,209.0797530864196,209.07339506172826,209.07512345678998,0.4531580877777775
2015-09-06,215.81933054393323,215.83217573221776,215.82405857740608,215.8274058577407,0.6227141418410037
2015-09-07,215.63104693140824,215.6387364620942,215.63516245487395,215.63462093862842,1.2421848179061363
2015-09-08,218.1525274725275,218.1717948717949,218.16428571428577,218.1603296703297,0.6181266806959708
2015-09-09,215.42626556016592,215.43709543568454,215.43539419087128,215.4279253112032,0.7432399916182569
2015-09-10,213.98862416107403,214.00275167785267,213.99815436241636,213.9941610738258,2.090193860268459
2015-09-11,215.30704467353954,215.31639175257732,215.3139175257732,215.30941580756013,1.288800098453608
2015-09-12,213.57718592964824,213.58788944723614,213.5861809045226,213.57969849246223,0.9639458937185931
2015-09-13,208.12032863849774,208.13098591549303,208.12779342723013,208.12488262910804,0.5266300246948354
2015-09-14,206.0625087108014,206.08275261324044,206.07804878048785,206.0673867595819,1.1275740526132396
2015-09-15,206.35353623188396,206.39895652173897,206.38362318840572,206.3690724637679,0.8956546838550735
2015-09-16,205.03276849641975,205.04536992840073,205.04052505966558,205.03806682577542,1.0403898615513134
2015-09-17,205.8285810810809,205.87810810810797,205.85871621621604,205.85412162162146,0.615653087635135
2015-09-18,206.85850746268684,206.90854477611967,206.88343283582114,206.88365671641822,0.4690383871268662
2015-09-19,207.81033898305083,207.83173728813563,207.81766949152546,207.82440677966102,0.45950034317796606
2015-09-20,207.42852517985597,207.4391726618704,207.43320143884878,207.43438848920852,0.509985342158274
2015-09-21,204.19454802259872,204.2139548022597,204.20262711864393,204.20567796610152,0.8714177522598858
2015-09-22,206.00286713286712,206.02256410256416,206.0114219114219,206.01337995338002,2.180191230606062
2015-09-23,206.79532577903638,206.8080169971668,206.80082152974467,206.80218130311573,0.9494641307648732
2015-09-24,208.48887445887453,208.50246753246776,208.49398268398292,208.497748917749,1.7548515440909083
2015-09-25,211.52533156498683,211.5308222811673,211.52864721485426,211.52763925729454,0.8326416613527853
2015-09-26,210.4145248868777,210.41963800904963,210.41909502262428,210.41506787330306,0.6339748068325792
2015-09-27,209.41684782608698,209.42070652173916,209.41967391304348,209.4178804347827,0.6921439509782613
2015-09-28,212.8861688311689,212.90168831168825,212.8919696969698,212.89590909090904,1.2070868879653667
2015-09-29,213.39093690248544,213.4043594646269,213.3985277246651,213.39720841300175,1.1285086550860413
2015-09-30,212.3569674185464,212.37180451127824,212.3610776942356,212.36568922305764,0.5621491002756895
2015-10-01,213.07802690582983,213.08970852017958,213.08233183856527,213.08517937219753,0.7720475501345299
2015-10-02,213.0149849849854,213.03123123123174,213.02501501501547,213.02120120120168,0.5766764936036042
2015-10-03,214.10011363636377,214.10905303030313,214.10128787878796,214.10795454545467,0.4408780833333337
2015-10-04,214.3760416666669,214.38329166666685,214.37991666666684,214.3797916666669,0.7548957678750005
2015-10-05,214.1407107843138,214.14661764705883,214.1449509803922,214.14205882352945,0.6936558591176468
2015-10-06,218.49838362068948,218.51480603448255,218.50193965517224,218.51112068965497,0.8140321403448278
2015-10-07,219.71421052631555,219.7272631578944,219.72037894736812,219.72136842105232,0.6242387886105265
2015-10-08,218.18521035598675,218.2067961165046,218.19537216828448,218.19676375404498,0.64879725631068
2015-10-09,216.57357142857137,216.58384920634916,216.57841269841265,216.5789682539682,0.5656679961111118
2015-10-10,216.50222857142865,216.5180000000001,216.51051428571435,216.50971428571438,0.2478870360000002
2015-10-11,217.74509999999984,217.77359999999982,217.7683499999998,217.75034999999986,0.37794982465000004
2015-10-12,218.10204724409454,218.12035433070872,218.11192913385833,218.11047244094493,0.6786971788976379
2015-10-13,219.1837619047618,219.20780952380946,219.19314285714282,219.1944761904761,0.39181962495238093
2015-10-14,221.72706106870214,221.77664122137392,221.757709923664,221.74354961832046,0.8185896880916028
2015-10-15,223.9584411764705,223.98329411764692,223.9686176470587,223.9721176470587,0.5647351107647054
2015-10-16,231.2152359550564,231.28730337078667,231.24213483146085,231.26029213483156,0.8053581604269656
2015-10-17,238.44164473684194,238.53771929824555,238.47749999999988,238.49366228070159,1.0316275501315775
2015-10-18,235.78541538461536,235.8637538461538,235.8129846153846,235.83080000000004,0.6695090573538456
2015-10-19,234.48930835734842,234.54610951008615,234.51268011527347,234.52547550432254,0.6104885316714697
2015-10-20,236.33576470588235,236.37152941176473,236.338,236.3692941176471,0.966857483529412
2015-10-21,235.87878378378372,235.89243243243234,235.88243243243232,235.87878378378372,1.1344235363513513
2015-10-22,244.7860483870969,244.91387096774207,244.81991935483885,244.87048387096786,0.6838742393548397
2015-10-23,248.12367088607581,248.13911392405052,248.12949367088598,248.13607594936695,0.49593263189873404
2015-10-24,251.35162790697677,251.36441860465118,251.35232558139535,251.36372093023257,1.0901818962790697
2015-10-25,258.8369318181817,258.9103409090909,258.8841477272727,258.86374999999987,1.2530351006818174
2015-10-26,257.53684210526313,257.5739473684211,257.5534210526316,257.5702631578947,0.6210850000000001
2015-10-27,262.9617045454545,262.965,262.96181818181816,262.96488636363637,1.0206335056818179
2015-10-28,273.529203539823,273.55628318584075,273.5424778761062,273.5451327433629,1.0927279619469028
2015-10-29,284.275294117647,284.3225490196078,284.2935784313725,284.30377450980376,0.5343668926960783
2015-10-30,295.28785046728973,295.419968847352,295.3327725856699,295.3758878504673,0.39686591514018676
2015-10-31,291.93265042979925,295.0674355300861,293.21295128939823,293.5213037249285,2.106169600659028
2015-11-01,289.3330612244899,289.38755102040824,289.34387755102046,289.3714285714287,0.42205312714285714
2015-11-02,312.8058757062147,312.99988700564984,312.8579096045199,312.947966101695,0.561253310056497
2015-11-03,357.9485763888893,358.10881944444475,358.05350694444473,358.0053472222227,0.6711699247569437
2015-11-04,419.11805769230847,419.6182692307699,419.4055384615393,419.37521153846205,1.072908456519229
2015-11-05,367.0715789473684,367.74983552631574,367.44263157894727,367.3305921052632,0.4979688831907889
2015-11-06,350.38801470588237,350.4838970588236,350.4380882352942,350.4345588235294,0.6341442783088234
2015-11-07,357.3400000000001,357.54537037037045,357.4092592592594,357.4761111111112,0.611579835
2015-11-08,352.2117142857144,352.4208571428573,352.3620000000001,352.290142857143,0.5650091688571429
2015-11-09,349.1397660818714,349.2021637426901,349.15789473684214,349.1802923976609,0.31301054491228075
2015-11-10,330.43963190184024,330.56423312883413,330.49687116564405,330.510306748466,0.4901203995705524
2015-11-11,295.04006060606054,295.17418181818186,295.1281212121212,295.1024848484849,0.5548116452121216
2015-11-12,302.1047583643124,302.1662453531598,302.11710037174726,302.15397769516727,1.3333194005576208
2015-11-13,310.17699999999996,310.2524444444444,310.21077777777776,310.2187777777777,0.3017549528888888
2015-11-14,311.25666666666683,311.3148717948719,311.3147435897437,311.256794871795,0.5341840764102564
2015-11-15,305.46609523809536,305.59485714285734,305.58219047619065,305.468761904762,1.0106462654285713
2015-11-16,304.03915662650616,304.12457831325315,304.07265060240974,304.09144578313266,0.5846245680722895
2015-11-17,313.6481159420292,313.7113043478263,313.6557971014495,313.70623188405824,0.5865578300000003
2015-11-18,313.3977777777778,313.49555555555554,313.3977777777778,313.49555555555554,0.13784758611111111
2015-11-19,307.74222222222227,307.79955555555557,307.79955555555557,307.74222222222227,0.4229843119999998
2015-11-20,298.84081081081086,298.9341891891892,298.9271621621623,298.85702702702713,0.20655063891891887
2015-11-21,303.6956140350878,303.79877192982457,303.70719298245615,303.7726315789473,0.5936963670175441
2015-11-22,304.27250000000004,304.29625,304.2956250000001,304.27312499999994,0.4476895931249999
2015-11-23,304.8953333333333,304.949,304.90433333333334,304.94,0.8533561300000002
2015-11-24,302.5668421052632,302.58631578947376,302.57842105263165,302.58631578947376,1.4197195963157896
2015-11-25,304.48850877192984,304.55842105263156,304.4893859649123,304.55701754385956,1.245341335877193
2015-11-26,325.21228571428566,325.3879285714285,325.3507142857142,325.24949999999995,0.6294840757857142
2015-11-27,336.7321666666668,336.79800000000006,336.73783333333347,336.79233333333343,0.3920890726666668
2015-11-28,335.6105,335.6175,335.6105,335.6175,0.239590589
2015-11-29,343.32904761904757,343.3728571428571,343.32904761904757,343.3728571428571,0.40067199261904757
2015-11-30,355.8571698113208,355.8571698113208,355.8571698113208,355.8571698113208,0.11775287924528309
2015-12-01,343.934,343.934,343.934,343.934,0.2516872656
2015-12-02,334.92390243902435,335.0053658536586,334.95902439024394,334.9701219512195,0.5710264097560978
2015-12-03,336.3545652173916,336.450434782609,336.3780434782612,336.4287681159424,0.5140423875362321
2015-12-04,328.7926923076922,328.90021978021974,328.82829670329664,328.8630769230769,0.49004733087912083
2015-12-05,335.83497237569065,336.0898895027624,335.83679558011056,336.08806629834254,0.3767440412707182
2015-12-06,347.66655172413783,347.7291954022987,347.6724137931034,347.72333333333324,0.3775062365517243
2015-12-07,361.12794117647076,361.1579411764707,361.14852941176486,361.1373529411766,0.323442753382353
2015-12-08,365.4757142857143,365.6596428571429,365.47999999999996,365.6566071428571,0.7865986533928572
2015-12-09,379.0509090909093,379.3648821548822,379.2096632996634,379.2232659932661,0.37659326570707086
2015-12-10,379.462684563758,379.6175391498878,379.5417897091719,379.5400223713644,0.4369039647874724
2015-12-11,396.3742271293377,396.64799684542595,396.5323974763407,396.4809779179813,0.7351740914668767
2015-12-12,391.9702966101696,392.7407909604517,392.3769632768364,392.244646892655,1.1643324939548005
2015-12-13,397.81205714285716,398.16447619047614,397.9169523809523,398.0215619047619,0.6023475143809522
2015-12-14,402.12156133828967,402.576530359356,402.2915613382898,402.36895910780686,0.7557736700867392
2015-12-15,416.2306068965511,416.4513517241374,416.32799999999935,416.3409241379305,0.4888009065379309
2015-12-16,416.2362891207155,416.4072727272727,416.3354247391955,416.30312965722806,0.4845060853502235
2015-12-17,418.8221414913954,418.9407265774376,418.8793881453151,418.8756214149137,0.3687955719885278
2015-12-18,424.39199203187263,424.547131474104,424.4798406374505,424.4744621513947,0.3552414362749009
2015-12-19,425.4388268156425,425.9303538175044,425.59808193668505,425.7312849162011,0.9887186890502776
2015-12-20,412.3048775510197,412.6684489795912,412.4751836734686,412.45381632652993,0.5123815598571428
2015-12-21,400.69956193353454,400.9198942598187,400.8038217522658,400.782673716012,0.6417855486102721
2015-12-22,399.8964037122975,399.9599071925759,399.9389559164738,399.9180974477963,0.3584191884918793
2015-12-23,402.9340326340333,403.026340326341,402.98377622377694,402.97447552447625,0.2210002705827507
2015-12-24,415.99749326145513,416.10654986522866,416.0387061994605,416.0730727762799,0.2853092325336929
2015-12-25,415.2601273885353,415.33786624203833,415.310286624204,415.2899363057327,0.2582788630891721
2015-12-26,389.8505974842765,390.12930817610055,390.0037264150942,389.98855345911926,0.44463228017295586
2015-12-27,384.29888297872355,384.478280141844,384.4083333333333,384.3766843971633,0.387589908067376
2015-12-28,387.2370476190478,387.30157142857183,387.2727142857145,387.2682380952385,0.2324886119285715
2015-12-29,389.44286031042117,389.5423946784923,389.48496674057657,389.50833702882477,0.18821186044345894
2015-12-30,394.0475418994412,394.10667597765354,394.07944134078207,394.0754748603351,0.20727721924581005
2015-12-31,392.3987112171841,392.45699284009584,392.422529832936,392.4308830548929,0.2158798621957041
2016-01-01,399.19083102493045,399.23199445983346,399.2141274238223,399.20800554016597,0.17860017919667592
2016-01-02,400.6785714285718,400.72327380952413,400.7001488095241,400.7019345238099,0.12391406773809538
2016-01-03,396.07559523809516,396.1060714285714,396.0975952380951,396.08385714285714,0.21905792469047602
2016-01-04,399.2424618736389,399.2957516339872,399.27023965141643,399.26671023965196,0.23013498446623093
2016-01-05,402.55828157349913,402.63026915113875,402.5885093167705,402.6046169772256,0.41255382681159375
2016-01-06,401.9241025641027,401.97195804195854,401.9482051282056,401.94799533799545,0.24391013738927703
2016-01-07,416.6424237560188,416.8177207062595,416.7270626003205,416.7434670947027,0.2974038006099521
2016-01-08,419.0449050086358,419.1421934369606,419.0931433506048,419.0983074265977,0.27536517853195175
2016-01-09,414.14098734177276,414.20665822784883,414.1883797468363,414.1604556962031,0.17874617850632907
2016-01-10,409.28558974358975,409.3507948717948,409.322076923077,409.3216153846152,0.13697329223076918
2016-01-11,412.50945823927765,412.56611738148973,412.53957110609474,412.5370654627539,0.177563347765237
2016-01-12,412.52509164969456,412.61902240325895,412.57890020366614,412.5676171079433,0.3857990673930755
2016-01-13,398.0240000000003,398.1233283582089,398.0716268656717,398.0714179104479,0.4357587313432839
2016-01-14,397.5056144067797,397.57171610169485,397.53355932203397,397.5432203389829,0.36145768362288155
2016-01-15,366.5417667844523,367.0029210836278,366.82150765606593,366.7292815076562,0.767979051366311
2016-01-16,340.3099475753606,340.48909567496736,340.4131585845349,340.40933158584556,0.5685946206028827
2016-01-17,351.5499009900995,351.57899009901064,351.567841584159,351.561247524753,0.4504942270891086
2016-01-18,349.6123548922061,349.6945107794367,349.6530679933671,349.65857379767874,0.39611502684908784
2016-01-19,349.85705776173285,349.9829783393504,349.92581227436824,349.91492779783437,0.34289278960288827
2016-01-20,363.72578787878757,363.87969696969685,363.78884848484824,363.8218030303029,0.6509562033181799
2016-01-21,379.73964615384534,379.86884615384565,379.8096923076919,379.79643076922997,0.45617483016923066
2016-01-22,362.2530993150683,362.4049486301364,362.331643835616,362.3250856164381,0.4739158216095887
2016-01-23,361.33961098398163,361.4370938215102,361.38622425629285,361.38745995423335,0.36968293903890187
2016-01-24,369.66353424657495,369.78569863013666,369.7121095890407,369.74032876712295,0.2617259644931509
2016-01-25,364.8505122950826,364.9669672131155,364.92313524590236,364.8968442622958,0.38910314829918036
2016-01-26,363.21249480249463,363.2925987525982,363.25253638253594,363.25525987525947,0.3704138785031185
2016-01-27,363.4032258064512,363.49884250474355,363.46011385199216,363.4478557874758,0.3333296929222015
2016-01-28,352.1779579579581,352.2950450450451,352.2428528528528,352.23048048048076,0.40529551208708686
2016-01-29,346.79816326530624,346.9148809523813,346.8611054421771,346.8502891156463,0.37870888323129265
2016-01-30,350.5155282555286,350.5675921375924,350.5416953316956,350.5415724815727,0.2082542909828014
2016-01-31,350.01244060475136,350.118358531317,350.06935205183544,350.0691576673863,0.235422955766739
2016-02-01,343.4409289617483,343.5712386156645,343.50067395264074,343.51306010928937,0.22775704531876162
2016-02-02,342.1866279069766,342.25399224806176,342.2175581395346,342.22773255813945,0.29692099670542665
2016-02-03,337.1749429657794,337.2470912547529,337.2178517110265,337.2102661596958,0.32566550201520933
2016-02-04,339.5639794168096,339.6581303602058,339.6139794168096,339.6054888507719,0.410657398233276
2016-02-05,346.0648308270672,346.18640977443573,346.12996240601456,346.1227255639093,0.2571424290413536
2016-02-06,336.8733693304535,336.95611231101503,336.90894168466514,336.9180129589632,0.2156416084017282
2016-02-07,337.88615189873383,337.93225316455664,337.9106835443034,337.9088354430377,0.14456284860759488
2016-02-08,336.9039865996646,336.956700167504,336.93006700167473,336.93594639865967,0.22163627465661648
2016-02-09,331.3798169717135,331.43715474209625,331.4086189683858,331.40544093177994,0.3830200919800334
2016-02-10,334.97900630914796,335.0680599369084,335.023911671924,335.02837539432136,0.27423382337539465
2016-02-11,331.7358966074317,331.8198707592894,331.78190630048493,331.771227786753,0.3222410892084009
2016-02-12,337.83166979362113,337.90305816135077,337.8795872420262,337.8727016885553,0.2306236591744845
2016-02-13,345.3726824457591,345.4142998027613,345.3944575936881,345.395147928994,0.19657898414201214
2016-02-14,354.86437379576137,354.94589595375794,354.89526011560724,354.9128901734111,0.2622287955105976
2016-02-15,359.2254442649438,359.3240549273018,359.27919224555717,359.26985460420036,0.2526636472374799
2016-02-16,362.341190082645,362.4059173553722,362.3735867768598,362.37345454545493,0.3110594974710741
2016-02-17,373.33459940652784,373.4341691394656,373.38454005934693,373.38491097922827,0.27585262181008935
2016-02-18,378.4031993299831,378.4903852596316,378.4489782244556,378.4467001675042,0.21800585735343395
2016-02-19,377.66306358381513,377.7094990366088,377.6853757225435,377.6875722543353,0.13710700635838172
2016-02-20,389.01230902777814,389.09255208333354,389.0448958333336,389.0564756944448,0.25325887269097225
2016-02-21,394.9351093750001,395.14832812500015,395.0312812500002,395.049671875,0.40419787454687495
2016-02-22,395.05743288590674,395.13192953020183,395.10647651006775,395.0861577181213,0.31616434838926216
2016-02-23,384.6067036450077,384.7239778129952,384.6683835182248,384.6627733755943,0.24324836553090312
2016-02-24,383.09607553366226,383.17269293924517,383.14564860426975,383.1239408867,0.28682703665024634
2016-02-25,383.9530000000003,384.0230377358493,383.9863962264154,383.9926415094341,0.21482288928301885
2016-02-26,386.1460034305315,386.2124699828472,386.1765008576328,386.1830017152655,0.23963880138936577
2016-02-27,395.23485089463173,395.2833001988069,395.2604174950295,395.2576739562621,0.18235445934393632
2016-02-28,393.72847780126864,393.79955602537007,393.76630021141654,393.7613953488373,0.2828329082875265
2016-02-29,400.0598248407643,400.1526592356687,400.10533439490433,400.1098407643311,0.43356764729299346
2016-03-01,398.66981021897794,398.74760583941594,398.7147007299267,398.70745985401464,0.25598805435036526
2016-03-02,396.2569025157232,396.30908805031424,396.28646226415094,396.2813050314464,0.3680483404874214
2016-03-03,384.36933852140123,384.5029312581068,384.4349935149159,384.4383657587553,0.3209676338002593
2016-03-04,380.897331081081,381.0136317567566,380.9537162162161,380.96136824324293,0.36840369714527055
2016-03-05,361.5729305912592,361.75821336760885,361.67302056555224,361.6482390745497,0.4870868201799479
2016-03-06,366.9135048231515,366.99242765273345,366.9490353697755,366.95684887459834,0.43011983551446914
2016-03-07,372.13811634349,372.2343213296397,372.19048476454276,372.183060941828,0.35925992936288137
2016-03-08,373.9077083333341,373.99264880952495,373.9565029761915,373.94523809523884,0.41976880023809526
2016-03-09,375.1588589540413,375.275324881141,375.21202852614914,375.2132646592709,0.27034538938193314
2016-03-10,375.15340232858995,376.0497024579558,375.6202846054334,375.61267787839574,1.3849492722768428
2016-03-11,376.0781596752365,376.22181326116356,376.1479025710415,376.14741542625137,0.6383018538024353
2016-03-12,370.50497335701584,370.5507282415629,370.529644760213,370.5263055062166,0.3245384205328601
2016-03-13,371.055887265136,371.0993528183722,371.07820459290224,371.07881002087737,0.23453252313152423
2016-03-14,371.878140293638,371.9435889070145,371.91422512234897,371.9086296900491,0.32256662787928214
2016-03-15,374.49197654941383,374.5552261306538,374.52395309882763,374.52855946398705,0.295692566549414
2016-03-16,374.5465224625625,374.6421963394346,374.60400998336115,374.5965058236275,0.5855568700166386
2016-03-17,371.736761904762,371.84280952380976,371.7919841269844,371.7942857142858,0.4171450469206344
2016-03-18,365.1615671641789,365.2602835820894,365.2231641791043,365.19988059701484,0.7173805112537296
2016-03-19,362.700193548387,362.7770752688174,362.74365591397844,362.73421505376353,0.2940961664946239
2016-03-20,365.85740384615417,365.88817307692347,365.8775480769234,365.87165865384657,0.3393213648076924
2016-03-21,364.39781999999985,364.4549199999999,364.4279799999999,364.42797999999993,0.3069547223999998
2016-03-22,370.96068773234157,371.01576208178426,370.9855390334569,370.99247211895886,0.2670340983085499
2016-03-23,373.10878906249945,373.1464843749996,373.1286523437495,373.1261914062496,0.27449592724609406
2016-03-24,372.54008333333326,372.5927499999998,372.57456249999984,372.55972916666644,0.3072815134166665
2016-03-25,372.30168564920274,372.34168564920276,372.32375854214115,372.31911161731205,0.2818042826651481
2016-03-26,373.27392045454593,373.29963068181866,373.2867897727278,373.2882102272733,0.35885530607954563
2016-03-27,377.4123690205012,377.4483143507974,377.42742596810945,377.4333940774488,0.25734316225512555
2016-03-28,377.831851851852,377.9060348583879,377.8762309368193,377.86836601307203,0.2451155125925933
2016-03-29,371.60114782608724,371.74342608695684,371.67646956521753,371.6743652173916,0.42660171387826057
2016-03-30,365.14544881889714,365.2521102362203,365.2081732283462,365.1906929133855,0.2898093319685042
2016-03-31,365.9325448613379,366.00528548123987,365.9767047308321,365.96313213703115,0.31813472200652554
2016-04-01,365.91755102040776,365.98307977736505,365.9596289424856,365.94230055658585,0.4297385920222633
2016-04-02,368.7829753914985,368.8121476510064,368.79680089485424,368.7984563758386,0.20570749530201363
2016-04-03,368.9754814814815,369.00883950617293,368.9881234567902,368.99856790123465,0.18092700027160494
2016-04-04,368.6568383658969,368.70818827708644,368.68248667850753,368.6855950266425,0.29184740444049717
2016-04-05,370.8518885448918,370.90178018575847,370.88165634674937,370.87450464396284,0.30763093111455125
2016-04-06,371.32274193548386,371.3896415770611,371.3592114695342,371.3540322580644,0.2534481418817207
2016-04-07,370.67673249551126,370.75350089766573,370.72353680430865,370.7083482944341,0.3505614906642724
2016-04-08,371.611612903226,371.6950716845879,371.65940860215073,371.64939068100404,0.37591171539426516
2016-04-09,367.8696888888891,367.9001555555556,367.88700000000017,367.8852222222223,0.2620383870222224
2016-04-10,370.6410816777045,370.6785209713026,370.6506181015456,370.67172185430496,0.22932417304635774
2016-04-11,370.91434380776343,370.9641959334564,370.9337892791128,370.9412384473196,0.2205549492791131
2016-04-12,374.77748799999983,374.83913599999994,374.81065599999994,374.80555199999986,0.408987849808
2016-04-13,376.33833073322916,376.39656786271416,376.3600468018718,376.37082683307295,0.6079145726521049
2016-04-14,377.865071174377,377.8954982206403,377.8765480427044,377.88379003558697,0.4630977646441276
2016-04-15,380.8218852459024,380.87116393442693,380.84295081967286,380.8531311475416,0.31072829293442605
2016-04-16,383.42549718573997,383.463883677297,383.44983114446404,383.43938086303814,0.631386680131331
2016-04-17,381.6216885553464,381.694596622889,381.6486116322696,381.666060037523,0.2620448341838654
2016-04-18,380.5552983725136,380.5857323688971,380.5653526220616,380.57453887884276,0.26032880037974676
2016-04-19,380.1879575163396,380.2298202614374,380.2078267973852,380.2112908496728,0.5030825513398691
2016-04-20,387.78912462908045,387.84854599406515,387.81916913946617,387.8185905044509,0.4176299453560829
2016-04-21,394.16208222811645,394.28404509283763,394.22599469495975,394.2263793103444,0.4966640795490715
2016-04-22,397.84394662921375,397.89953651685414,397.87119382022485,397.8747191011239,0.6669889932022474
2016-04-23,400.1030944055949,400.1385314685319,400.11639860139917,400.1252972027975,0.4114330986363641
2016-04-24,406.9484764991896,407.01957860615886,406.97837925445714,406.99385737439223,0.3965737185089145
2016-04-25,410.68877934272336,410.7478716744917,410.720798122066,410.7177151799689,0.29217148777777785
2016-04-26,414.41143465909096,414.4621732954549,414.43846590909106,414.4370028409094,0.5004605136789775
2016-04-27,407.0481408450705,407.20043661971823,407.14253521126744,407.1194366197182,0.44948595032394295
2016-04-28,394.0674969915763,394.24309265944623,394.1421780986762,394.15016847172035,0.4093398787845975
2016-04-29,397.257088607595,397.33765822784795,397.2943987341772,397.3001265822784,0.5295200866772151
2016-04-30,398.1469395711496,398.2241715399605,398.19007797270916,398.18906432748474,0.30923871087719323
2016-05-01,396.21807860262055,396.2655458515285,396.2446506550222,396.2450873362448,0.22740810401746733
2016-05-02,389.1558157894742,389.3899473684212,389.28681578947425,389.2723421052634,0.27323213165789517
2016-05-03,389.7225263157894,389.93536842105243,389.84329824561394,389.83488888888866,0.3537257124795314
2016-05-04,391.3656454388991,391.43898450946693,391.4076075731502,391.3993287435463,0.35753459413080885
2016-05-05,392.6838104089217,392.7895539033453,392.73369888475804,392.7433828996279,0.29482367687732386
2016-05-06,398.3364380952379,398.37299047619035,398.3478095238094,398.36249523809505,0.31873261078095283
2016-05-07,404.0852150537641,404.0964516129039,404.0899193548393,404.0919354838716,0.16519830489247328
2016-05-08,403.11302272727346,403.1313636363645,403.11686363636437,403.1260000000008,0.14748106813636372
2016-05-09,404.3268181818181,404.351082251082,404.33603896103864,404.3404761904761,0.25342765370129866
2016-05-10,401.4821683673476,401.55397959183733,401.5183673469395,401.52517857142914,0.23824893446428538
2016-05-11,398.7494573643414,398.7920155038762,398.77129198966446,398.77051679586594,0.2726816854780362
2016-05-12,397.81768535262194,397.91264014466543,397.8650271247738,397.86670886075956,0.3822807850632914
2016-05-13,403.0772259136217,403.19468438538246,403.1349335548176,403.1371428571433,0.2570051433388706
2016-05-14,404.835334773218,404.9057235421165,404.86287257019427,404.88021598272127,0.1830997351835853
2016-05-15,406.700731225296,406.7584189723316,406.7307114624501,406.73335968379416,0.16563755549407105
2016-05-16,404.3290271132376,404.3964433811801,404.3595853269538,404.37068580542245,0.19478689866028712
2016-05-17,402.65897314375985,402.7222906793048,402.6851658767773,402.7001579778828,0.2901059330173778
2016-05-18,404.4738113948921,404.514223968566,404.4911394891947,404.4959332023577,0.3007130837131631
2016-05-19,401.0535045317221,401.1217220543809,401.0956193353474,401.08148036253806,0.27029606693353486
2016-05-20,395.78456140350886,395.82866028708156,395.80116427432245,395.81129186602885,0.28173073918660313
2016-05-21,397.1308316430027,397.16024340770866,397.14618661257674,397.1468356997978,0.23958609993914792
2016-05-22,395.5756285178239,395.6176735459664,395.593058161351,395.6008067542216,0.3027595213320828
2016-05-23,395.2060331632658,395.29492346938787,395.2471938775513,395.25619897959206,0.2891902764923474
2016-05-24,399.0810698365527,399.1438484398216,399.1123774145615,399.11546805349184,0.3726260073848444
2016-05-25,403.06460093896743,403.10773082942137,403.08287949921777,403.0887167449143,0.32278272312989004
2016-05-26,404.7850165016501,404.8590264026399,404.82217821782154,404.83377887788765,0.2737016980363038
2016-05-27,422.1805342624852,422.31645760743305,422.2564808362367,422.2448432055746,0.4170571330894305
2016-05-28,447.32149220489964,447.6087305122499,447.4623051224946,447.4842873051231,0.4289116126837415
2016-05-29,469.89523201856156,470.30476798143883,470.11424593967536,470.09430394431587,0.3662661875870071
2016-05-30,478.03333733493344,478.3224729891955,478.1838655462181,478.1661824729889,0.3207902114765906
2016-05-31,479.95466745843135,480.19249406175726,480.07690023752895,480.0821971496428,0.35883051909738634
2016-06-01,479.4082717678096,479.5644854881267,479.4903298153034,479.48618733509215,0.2800709348812668
2016-06-02,479.7647322720693,479.8718523878434,479.81409551374816,479.8193487698982,0.2536293402026047
2016-06-03,496.9404150943397,497.38389937106956,497.1383647798742,497.1667044025162,0.5459500947924525
2016-06-04,507.96058321479364,508.1188193456614,508.0440540540542,508.03368421052596,0.35039802419630156
2016-06-05,508.4065349544063,508.5325835866251,508.48170212765854,508.4613373860172,0.20313434734042546
2016-06-06,514.1171870967739,514.1943354838705,514.1511999999994,514.1610064516127,0.2879928526193547
2016-06-07,512.7749473684219,512.9600467836262,512.8725964912286,512.866479532164,0.36446031764912235
2016-06-08,509.53334277620394,509.632932011331,509.5787960339941,509.5886260623227,0.18222857975920678
2016-06-09,510.32204855842156,510.44650986342907,510.3868285280726,510.3859787556901,0.23358260338391515
2016-06-10,512.7249428571431,512.8428285714285,512.7851571428571,512.7896857142858,0.1645973300285713
2016-06-11,521.131430793157,521.2018351477449,521.1559720062206,521.1763608087092,0.35231670979782265
2016-06-12,572.8636114044347,573.2248152059129,573.0211510031676,573.0586483632518,0.4939324141816259
2016-06-13,615.572908366533,616.2327589641429,615.8815239043814,615.890876494023,0.4567283904681268
2016-06-14,614.5079114642459,615.0533711691263,614.7877412031785,614.7933257661755,0.3264308382292849
2016-06-15,613.7955897435896,614.1401410256414,613.952692307692,613.981371794872,0.30084398369230764
2016-06-16,665.044793138243,665.5343592330975,665.2951664984854,665.279283551967,0.3341800594853681
2016-06-17,669.2100218340614,669.8619759825331,669.5585698689956,669.536681222708,0.39406258160480234
2016-06-18,675.9264864864862,676.3365945945941,676.1270540540537,676.1236891891888,0.2225190680270271
2016-06-19,678.4973684210527,678.6849282296649,678.5940669856462,678.5995374800635,0.18103126322169116
2016-06-20,665.3641514041512,665.8615750915751,665.6010866910867,665.6295726495727,0.2938399260927959
2016-06-21,602.9203451581972,605.3937200383515,604.2600767018214,604.1599424736347,0.5404584785522515
2016-06-22,579.0919111111108,579.6444555555545,579.3538444444433,579.3968111111109,0.3837361109111116
2016-06-23,526.2202962206342,526.8256281920334,526.4901021450468,526.5245863125646,0.43725747080694544
2016-06-24,601.7724193548393,602.50810483871,602.1609576612904,602.1334375000006,0.6765929190120947
2016-06-25,611.7248023426055,611.981976573938,611.8573645680817,611.8405124450944,0.26415302102489063
2016-06-26,585.1495189504373,585.4364139941688,585.295160349854,585.3131778425654,0.2309192400145774
2016-06-27,588.0091424619649,588.1552558782857,588.0623374827115,588.101867219918,0.20182862745504845
2016-06-28,593.5587186629531,593.778913649025,593.663955431755,593.6769359331479,0.25501913019498595
2016-06-29,577.5230191458028,577.644904270986,577.5737849779082,577.5903240058909,0.3044406757879232
2016-06-30,596.6090524781335,596.803556851312,596.7058746355683,596.7146793002911,0.2821938295626826
2016-07-01,612.201032258065,612.3558709677419,612.2983709677422,612.2872580645162,0.2537030723064516
2016-07-02,620.3532928942809,620.413812824956,620.3780415944535,620.3878509532062,0.24371293123050278
2016-07-03,606.250032206118,606.4236070853448,606.352028985506,606.3117391304335,0.2797072430595819
2016-07-04,605.5424666666662,605.6541499999994,605.5991499999994,605.5962833333326,0.20703453421666662
2016-07-05,608.9788611544463,609.2002496099848,609.0968486739471,609.1046645865839,0.2917212291107647
2016-07-06,615.2683994334272,615.4815864022657,615.3713597733708,615.3814305949005,0.21631658658640227
2016-07-07,584.0705630630633,584.4061936936938,584.2429842342349,584.2267004504506,0.3599593772297301
2016-07-08,593.1098674521338,593.2197201767291,593.1536818851237,593.1741531664197,0.2292251167157585
2016-07-09,594.7138823529403,594.9518991596634,594.8340504201673,594.845798319327,0.22014347114285734
2016-07-10,590.760289256199,590.8484917355379,590.804442148761,590.8101033057859,0.17737302820247924
2016-07-11,592.1535830618902,592.298110749187,592.2128013029327,592.2408794788284,0.1696530629478825
2016-07-12,600.3909612403104,600.5821395348842,600.4784341085276,600.5090232558144,0.2591315720930231
2016-07-13,604.3803006329091,604.481028481011,604.4226424050614,604.4360126582258,0.3207995813449376
2016-07-14,597.9820689655176,598.1039737274223,598.0316420361252,598.0507553366175,0.2924005507060759
2016-07-15,603.7841342756182,603.8979328621908,603.8268374558306,603.8584275618372,0.1526680356007068
2016-07-16,606.6807951807231,606.745590361446,606.7168433734942,606.7102891566268,0.12100786971084335
2016-07-17,612.599442060086,612.7235622317595,612.6564377682404,612.6749999999997,0.21530458892703852
2016-07-18,614.9314568345335,614.9992625899288,614.9625000000009,614.9638669064756,0.19194762397482007
2016-07-19,611.442509157509,611.5109340659341,611.4871978021977,611.4741758241759,0.24960528051282038
2016-07-20,610.3413843351558,610.4244808743176,610.3820765027332,610.387231329691,0.1789347003642984
2016-07-21,606.2379487179493,606.2930598290603,606.2708888888893,606.2573162393169,0.21440573256410242
2016-07-22,602.0029337094495,602.2023977432997,602.1078561354011,602.1131452750351,0.2727580757686884
2016-07-23,599.7244230769231,599.8342115384618,599.7756730769231,599.7887115384618,0.1423708596730772
2016-07-24,602.8050904977383,602.8603619909511,602.8320588235302,602.8396153846163,0.11966706755656117
2016-07-25,600.3155627009653,600.4477491961419,600.3865273311903,600.3821221864955,0.21079358024115763
2016-07-26,594.8333755274253,595.0284247538671,594.9172151898729,594.9508157524605,0.23466008877637143
2016-07-27,596.7635076923085,596.8969538461547,596.8258461538469,596.8407384615393,0.21289546784615382
2016-07-28,594.7093846153841,594.7756410256405,594.736512820512,594.7498461538459,0.14658207083760708
2016-07-29,592.7980100334449,592.8878595317727,592.8473076923077,592.844130434783,0.18623984648829434
2016-07-30,589.4699568965516,589.5095689655172,589.4952155172411,589.4852370689656,0.15886037991379312
2016-07-31,571.6535590551182,571.753811023622,571.7153228346455,571.692535433071,0.25152070144881955
2016-08-01,555.6320953757224,555.7517341040461,555.6955780346824,555.6849132947972,0.1477701528901734
2016-08-02,524.2682345523326,524.6600630517021,524.49132408575,524.4632912988649,0.26498413569987395
2016-08-03,499.329752155172,500.0316487068971,499.60375000000005,499.72641163793134,0.36387537269396497
2016-08-04,524.7477020785215,525.0593995381055,524.8820323325627,524.9224249422626,0.20487556658198625
2016-08-05,522.7303466666662,523.0311866666664,522.8564133333326,522.8913466666662,0.1947671976000004
2016-08-06,526.0390140845067,526.1638204225351,526.0863908450704,526.1228873239432,0.16829262272887333
2016-08-07,540.2079482439925,540.2736414048057,540.234750462107,540.2485397412198,0.17608391340110932
2016-08-08,539.4088596491227,539.4807017543862,539.4439122807019,539.4461403508775,0.24278130029824568
2016-08-09,534.1647529069774,534.2394331395359,534.1967732558148,534.2091424418612,0.22854534912790736
2016-08-10,534.4250678733025,534.5616440422317,534.5079487179481,534.4887782805424,0.11973649971342389
2016-08-11,534.3311496350373,534.4297080291979,534.3809306569351,534.3796897810228,0.18275487322992726
2016-08-12,528.9814527027036,529.0311824324333,528.9996790540548,529.012027027028,0.18812904322635135
2016-08-13,528.1972195121956,528.2468780487812,528.2247804878056,528.2188780487811,0.19598282685365864
2016-08-14,516.3220750988137,516.3887944664028,516.3533003952565,516.3595256916991,0.22863438539525707
2016-08-15,510.596509090909,510.6506909090911,510.6186363636365,510.63101818181826,0.24368212612727297
2016-08-16,511.76737201365177,511.83825938566537,511.798941979522,511.80598976109235,0.1540419067064848
2016-08-17,513.2357377049176,513.3268360655732,513.2681803278683,513.2885409836061,0.2011884711967216
2016-08-18,509.5474080560413,509.5908931698771,509.5633800350259,509.57253940455286,0.21577117036777577
2016-08-19,510.20246548323405,510.24285996055164,510.22110453648855,510.225384615384,0.18572965396449695
2016-08-20,511.77199579831836,511.79048319327643,511.78174369747796,511.7807352941168,0.26224410189075614
2016-08-21,516.3677380952382,516.4272380952383,516.3860714285717,516.4095476190478,0.11248405292857139
2016-08-22,518.4033648393198,518.4845935727794,518.4418714555769,518.445141776938,0.12840239136105874
2016-08-23,517.2824786324796,517.3340341880354,517.3058290598301,517.3100000000011,0.23588079772649598
2016-08-24,516.5398724954471,516.5903096539167,516.5598360655741,516.5678688524598,0.21460130969034605
2016-08-25,512.1274548736458,512.1746570397107,512.1468592057757,512.1549277978337,0.18621595606498173
2016-08-26,514.9324503311257,514.9813465783662,514.9448785871961,514.9681015452538,0.14943138958057398
2016-08-27,513.1311842105266,513.1817763157899,513.1561842105268,513.1579824561405,0.16674733489035107
2016-08-28,512.4693657505287,512.5188794926006,512.4870401691334,512.5014376321355,0.15783968742071874
2016-08-29,515.0120370370366,515.0866161616159,515.0384006734002,515.0620538720536,0.1484321459427608
2016-08-30,517.8329720853848,517.890821018061,517.8601477832501,517.8651067323468,0.18124017824302163
2016-08-31,515.6302397260271,515.7280136986296,515.6843321917803,515.6826369863011,0.1774181731506848
2016-09-01,513.170996677742,513.2406478405322,513.1959468438549,513.2160299003331,0.2332627772591361
2016-09-02,513.97206022187,514.0380348652935,513.9988589540412,514.0111251980985,0.25659416652931877
2016-09-03,520.2072035398227,520.2863716814156,520.2298230088492,520.2581415929202,0.28329046364601823
2016-09-04,542.490996732026,542.6554575163397,542.5420261437906,542.5975490196079,0.21760429821895427
2016-09-05,543.2216923076928,543.2967692307703,543.2579316239323,543.2679316239327,0.1495877648547011
2016-09-06,545.4345915032679,545.5502777777781,545.4831862745099,545.497075163399,0.28435556673202605
2016-09-07,546.4755349500706,546.5943223965755,546.5274465049919,546.548944365192,0.1585850999857348
2016-09-08,555.5288041853499,555.6102242152456,555.5625560538105,555.5785052316877,0.28593135551569565
2016-09-09,554.535621890548,554.5966003316762,554.5675787728036,554.5656053068003,0.24257180466003342
2016-09-10,557.6475855513306,557.6876996197713,557.6658555133079,557.6718060836497,0.10380430505703439
2016-09-11,553.1525186567152,553.2517164179093,553.2193283582076,553.1867537313422,0.2995210575186573
2016-09-12,542.629857369255,542.6921394611728,542.655832012678,542.6663549920762,0.14800815356576894
2016-09-13,544.9817183098598,545.0360704225361,545.005352112677,545.0103661971838,0.24812988601408473
2016-09-14,546.5273569023565,546.6029629629627,546.5536700336694,546.5739898989899,0.227612890740741
2016-09-15,544.048777777777,544.1064603174599,544.0748253968243,544.0787777777774,0.21679392000000058
2016-09-16,544.8327967479685,544.883479674798,544.8505040650416,544.8645528455297,0.16067644297561018
2016-09-17,545.2265217391299,545.2775543478257,545.2528079710142,545.2527536231876,0.136092201865942
2016-09-18,545.5867012448138,545.6100000000002,545.5957676348552,545.5994398340252,0.1647404028838176
2016-09-19,546.0168457538978,546.0694974003453,546.0349913344871,546.0518197573642,0.14799306511265167
2016-09-20,546.1482100591709,546.2009319526619,546.1732840236679,546.1761834319517,0.17091658532544382
2016-09-21,536.7421351766518,536.7844239631338,536.7701536098313,536.7565745007685,0.25684502566820305
2016-09-22,532.7814046822739,532.8141137123738,532.7990969899658,532.7963043478256,0.13674751371237495
2016-09-23,536.0479513888881,536.0699479166659,536.0586284722217,536.0598958333325,0.21276631251736167
2016-09-24,538.9562686567159,538.9676545842213,538.9615778251597,538.9623454157776,0.1297965668230277
2016-09-25,537.6121442495129,537.633801169591,537.6264327485383,537.6194541910335,0.16087154134502962
2016-09-26,540.6206554878058,540.6540548780497,540.6346036585377,540.640320121952,0.1290993286432929
2016-09-27,541.4175761772849,541.4440166204984,541.4331717451521,541.4307479224371,0.23427346538781196
2016-09-28,542.5698945783134,542.6018222891566,542.5885843373496,542.5834487951806,0.23463186207831332
2016-09-29,542.5655203619905,542.5958823529409,542.5822322775259,542.5784766214176,0.191397102684767
2016-09-30,544.3940806451617,544.4282096774197,544.4076774193553,544.4161612903227,0.13651901885483886
2016-10-01,549.551318327973,549.5820900321527,549.5640675241145,549.5695176848857,0.12062460090032177
2016-10-02,547.6949638989167,547.7256678700357,547.7117328519851,547.7092599277976,0.11991424942238284
2016-10-03,548.0687690179806,548.1182572614109,548.0956154910097,548.0912586445367,0.16561280426002833
2016-10-04,547.9347966339427,547.9716970547004,547.9541374474071,547.9525385694267,0.20365264218793877
2016-10-05,548.993837209302,549.0145784883715,549.0030668604646,549.005174418604,0.211499514026163
2016-10-06,551.8121203438396,551.8425358166186,551.8265042979943,551.8280085959881,0.20198211150429843
2016-10-07,556.4128691983113,556.4524472573822,556.4356962025303,556.4302390998583,0.19185261423347383
2016-10-08,555.8253513513514,555.8374414414412,555.830918918919,555.8322702702702,0.14796426562162215
2016-10-09,555.132432432431,555.1529549549532,555.1448288288273,555.1425405405388,0.1411152682342347
2016-10-10,556.0131618759459,556.0607110438734,556.0409833585479,556.0327080181548,0.15923397030257208
2016-10-11,573.6825403225807,573.783870967742,573.7362096774197,573.7312231182798,0.20501667616935484
2016-10-12,580.4124783861678,580.4528097982717,580.4326801152746,580.4313544668595,0.19534904306916465
2016-10-13,579.5799211356463,579.6177602523657,579.6004416403784,579.5980914826494,0.2150503868611989
2016-10-14,580.9486212361336,581.0046592709989,580.9845641838357,580.9686846275757,0.14902818431061862
2016-10-15,586.0883216783228,586.1102447552456,586.1019230769241,586.0962762237773,0.14395742847902132
2016-10-16,586.6501636363627,586.6637454545445,586.6563999999993,586.6576181818169,0.13011581314545476
2016-10-17,584.462958677684,584.4929586776847,584.48018181818,584.4766115702465,0.18636368451239682
2016-10-18,582.8643749999994,582.9163352272723,582.891889204545,582.8878409090905,0.1396314620028412
2016-10-19,579.4505590062109,579.5212732919258,579.500962732919,579.4711335403731,0.12861025888198804
2016-10-20,577.8964224137927,577.9623850574717,577.9396408045978,577.9206896551723,0.088788687658046
2016-10-21,581.9372996515672,581.9836411149812,581.9649825783962,581.9567595818803,0.12198419942508713
2016-10-22,593.2670036764703,593.3095404411764,593.2850919117645,593.2920220588234,0.1853815105147061
2016-10-23,601.2334821428572,601.274321428571,601.2563035714284,601.2509285714284,0.09258879598214281
2016-10-24,600.1313372956903,600.2435066864776,600.1795096582458,600.2048142644867,0.1309926704309065
2016-10-25,605.4156701030923,605.6095876288658,605.5248011782029,605.5171870397642,0.17783588331369665
2016-10-26,614.0928973277064,614.216849507735,614.144388185653,614.1598030942328,0.17040571136427596
2016-10-27,629.0307512315268,629.1004433497535,629.0660344827584,629.0592118226599,0.1621616918965522
2016-10-28,632.6762835820891,632.7227164179097,632.7001194029847,632.6982686567159,0.17742998770149296
2016-10-29,646.3342285714276,646.4008142857131,646.3644714285703,646.3687571428559,0.17868963257142914
2016-10-30,640.57075075075,640.6271471471467,640.6082132132125,640.5889489489485,0.16942661773273307
2016-10-31,641.0403409090918,641.1119460227286,641.0664488636373,641.0820312500013,0.21717797326704583
2016-11-01,659.4428140703516,659.5918969849239,659.5124246231147,659.5232160804017,0.24907884356783985
2016-11-02,658.8103287671231,658.9769863013696,658.8730273972601,658.909712328767,0.1728142120547948
2016-11-03,652.1755272727269,652.4288727272726,652.3234666666664,652.2930424242421,0.3550866431878787
2016-11-04,633.4786206896546,633.5976689655167,633.5288689655168,633.5519172413789,0.266363824165518
2016-11-05,634.3275829383889,634.3495260663514,634.3386571879943,634.3386729857824,0.16727757969984208
2016-11-06,640.430967213115,640.51431147541,640.4684918032789,640.4757213114757,0.11063337770491814
2016-11-07,641.0457105263146,641.2222763157881,641.1332236842093,641.1304078947358,0.20776373803947384
2016-11-08,644.6054192740924,644.7147309136415,644.6501126408003,644.6755444305379,0.22111110758448096
2016-11-09,660.0996272630447,660.4327050053248,660.2774973375923,660.2653035143765,0.43610826955271376
2016-11-10,658.556442857143,658.5963428571424,658.5752428571428,658.5763857142854,0.1349561750285717
2016-11-11,660.5816,660.6072888888891,660.5957185185185,660.5929777777778,0.19801057961481489
2016-11-12,654.5314729950888,654.5655973813411,654.5505891980347,654.5464157119466,0.125841067741408
2016-11-13,643.8625192012263,643.931566820274,643.8940552995367,643.9013671274936,0.15129042950844893
2016-11-14,654.9962905500704,655.081156558533,655.0383074753175,655.0313258110012,0.1563959591114245
2016-11-15,664.4484707646177,664.4973763118436,664.4710194902545,664.4778110944525,0.1584231097901053
2016-11-16,679.1912269129288,679.6168733509226,679.4524802110813,679.3913852242741,0.3312881366226914
2016-11-17,693.6886472148531,694.0124668435001,693.8471618037127,693.8549204244016,0.197337307214854
2016-11-18,702.519517241379,702.6856827586207,702.5889103448277,702.6187586206893,0.17444781115862093
2016-11-19,707.12770096463,707.2591961414784,707.2092765273306,707.186977491961,0.1615495653858523
2016-11-20,694.7948932926838,694.9844207317083,694.9154725609767,694.8960518292689,0.2365981298932927
2016-11-21,696.7924057971013,696.8985217391305,696.8325652173912,696.8615652173912,0.20512097134782598
2016-11-22,704.9180161943315,705.1431174089066,705.0194466936573,705.0538866396755,0.18377418124156547
2016-11-23,705.8648400556331,706.0696244784424,705.9773574408905,705.971168289291,0.22222435101529928
2016-11-24,703.5003924418615,703.6168023255826,703.5529360465126,703.569549418606,0.28873957943313977
2016-11-25,700.6182640949557,700.688768545995,700.6527744807128,700.6583827893182,0.19590651252225533
2016-11-26,699.1168904593641,699.1877915194347,699.1420671378094,699.1619257950531,0.18814338316254428
2016-11-27,700.3639932318108,700.457275803723,700.4049915397633,700.4157868020309,0.16126369431472096
2016-11-28,696.3221662125334,696.4769891008174,696.4058583106265,696.4131607629421,0.17065886182561327
2016-11-29,693.1798478561557,693.3027109266952,693.2454356846483,693.2423789764877,0.21284606322268304
2016-11-30,698.1040384615376,698.1937225274714,698.1512087912078,698.1511401098893,0.2138972693131867
2016-12-01,708.0650684931502,708.1563318112627,708.1093455098933,708.1187671232868,0.17548781575342448
2016-12-02,722.38375949367,722.5430253164543,722.4543164556952,722.4763291139235,0.2776120603797468
2016-12-03,719.7745705521475,719.8484509202456,719.810736196319,719.8135889570553,0.22451435185582874
2016-12-04,721.7979598145289,721.9198608964459,721.8484544049467,721.8642349304482,0.1689139903863988
2016-12-05,708.7278063725479,708.8878063725488,708.8168627450974,708.8015931372541,0.3816124294117639
2016-12-06,707.354075104311,707.5226703755206,707.4376077885943,707.4497496522945,0.27959535653685663
2016-12-07,713.0452278481004,713.167683544303,713.1127088607585,713.1026582278474,0.269831124848101
2016-12-08,718.7346265060246,719.2310722891574,719.0176867469886,718.9642048192776,0.5469735406626495
2016-12-09,728.4206029411753,728.5214852941164,728.4796029411752,728.4726029411753,0.21585902816176453
2016-12-10,733.5039572192511,733.532139037433,733.5150445632794,733.5242424242424,0.2351980869696974
2016-12-11,729.6326262626269,729.6967845117846,729.6689562289567,729.6665993265997,0.19202860281144796
2016-12-12,736.3357848101242,736.4653670886054,736.4044303797447,736.405734177213,0.3076024153417719
2016-12-13,736.4394945355195,736.5529371584701,736.5012158469946,736.4876912568312,0.31296422434426213
2016-12-14,735.36067620286,735.4447854356289,735.4078283485031,735.4020286085815,0.3143633623797138
2016-12-15,742.5861616161609,743.0272601010099,742.8216666666659,742.8116792929288,0.5816849624494934
2016-12-16,748.9858723404244,749.0473758865234,749.0237163120552,749.0098014184387,0.3063726943120564
2016-12-17,757.2312796208538,757.2574565560828,757.2409952606639,757.2490521327022,0.28257916515007914
2016-12-18,760.4633277591977,760.5061036789303,760.4869230769234,760.4822408026761,0.12731742667224072
2016-12-19,762.591023017902,762.6797186700767,762.6375831202037,762.6364322250636,0.2848865047953962
2016-12-20,765.5909741060415,765.7495191122074,765.6896917385941,765.6582490752156,0.30380782056720124
2016-12-21,788.1446311970975,788.3244256348241,788.2351027811367,788.2440749697693,0.3439810933978235
2016-12-22,825.4889001009082,825.719475277498,825.6062563067618,825.6150958627649,0.38369924845610387
2016-12-23,865.2208299595125,865.6441700404845,865.4486740890669,865.4385829959497,0.355499207216599
2016-12-24,866.2025538020075,866.3927977044475,866.2983213773315,866.2973457675741,0.26400466592539495
2016-12-25,838.325213068182,838.5309232954543,838.4299715909092,838.4344886363632,0.36588853123579573
2016-12-26,864.1190401146147,864.2433810888266,864.1741260744998,864.1923065902594,0.2032528704154732
2016-12-27,886.5253398058242,887.07354368932,886.7883980582511,886.8493082524261,0.3071824228033983
2016-12-28,919.7969104908567,920.2318094321452,920.0319634263711,920.0102117420587,0.5040386980077004
2016-12-29,934.0485868392659,934.4848543689307,934.240927723839,934.3182092772378,0.33041507996763736
2016-12-30,911.1424665178572,911.6962723214282,911.4277232142857,911.4433482142856,0.2633606604017862
2016-12-31,917.1544167962683,917.3603110419912,917.2357542768282,917.2774805598762,0.1718211532348367
2017-01-01,936.8350649350642,936.9915584415585,936.9091883116884,936.9266233766227,0.342078371103896
2017-01-02,971.3372895277213,971.6933470225867,971.5423819301841,971.5182443531829,0.3217408824743327
2017-01-03,980.3525855130775,980.6848993963756,980.5298390342035,980.5230885311852,0.3255177977665995
2017-01-04,1043.8926612903235,1045.199229390683,1044.5890770609328,1044.590833333335,0.4138841089605724
2017-01-05,995.9601417848214,998.484545454547,997.3723269391174,997.2970725604682,0.7015641823102569
2017-01-06,882.2589464123523,883.977211625795,883.1797275204365,883.1657674841058,0.4467607205449587
2017-01-07,830.7432672332379,831.3706232294603,831.0228895184127,831.1180642115189,0.3796062920207728
2017-01-08,877.6320043103442,877.9742780172414,877.8124568965519,877.8315948275856,0.2473939594935347
2017-01-09,857.0918609625656,857.4427700534732,857.2757647058799,857.281411764704,0.33508138266310067
2017-01-10,862.8288439955102,863.2997530864201,863.0861503928168,863.0663524130192,0.25587930805836123
2017-01-11,794.9400296150051,796.2298321816388,795.661490621916,795.637857847976,0.6360718769693967
2017-01-12,746.4222580645168,747.0636889991731,746.7466501240699,746.7939950372216,0.47637319430107505
2017-01-13,768.4171936274524,768.9600612745105,768.6838480392165,768.746286764707,0.39004373727941116
2017-01-14,786.3248089591552,786.6050329380752,786.4840843214741,786.4482345191029,0.21310571466403164
2017-01-15,776.0241498559076,776.2180403458204,776.12402017291,776.1384293948123,0.21025937750720466
2017-01-16,789.153487297921,789.4479561200914,789.29446882217,789.3192494226322,0.23247609987297907
2017-01-17,833.8618652343733,834.4756054687481,834.1828320312483,834.192412109374,0.421882863457031
2017-01-18,831.2536203090463,831.726633554079,831.4959933774796,831.5059933774777,0.34565088611479017
2017-01-19,846.3797621621615,846.6539135135116,846.519913513512,846.5181945945932,0.2642889940540546
2017-01-20,845.0519207683082,845.2607322929179,845.1660504201684,845.1620048019215,0.162870376602641
2017-01-21,861.6953041362518,862.0137956204366,861.8523722627726,861.8917639902664,0.14172646316301726
2017-01-22,865.936418109187,866.2815179760307,866.113901464713,866.132303595205,0.20974936761651158
2017-01-23,862.54737605804,862.7221160822229,862.6483917775078,862.6312454655363,0.20342396477629998
2017-01-24,847.2213826366554,847.57667738478,847.4126473740628,847.4107181136111,0.2859518940192928
2017-01-25,836.7800903954803,836.9792316384174,836.8717740112991,836.8998531073446,0.24184886062146912
2017-01-26,851.4595279503111,851.6684844720503,851.5637763975157,851.565627329193,0.26436083081987616
2017-01-27,862.336044098576,862.47329442283,862.4028664072662,862.4183009079143,0.2173977720103762
2017-01-28,866.0219943019946,866.1737179487177,866.0907834757836,866.1049145299144,0.1452809602136753
2017-01-29,864.6675862068965,864.8336275862064,864.7484275862065,864.7621793103444,0.13764132748965516
2017-01-30,863.2160309892721,863.3296185935637,863.2760309892726,863.2751847437421,0.21207768965435034
2017-01-31,885.2142564102567,885.5216512820493,885.3497025641012,885.3927794871794,0.33946520593846136
2017-02-01,907.2799626168206,907.5936635513998,907.4560934579428,907.4577850467265,0.34051544587850424
2017-02-02,925.1265320910976,925.3120289855083,925.2205383022779,925.2372360248456,0.19838557561076603
2017-02-03,943.597989417989,943.9102751322744,943.7689312169299,943.7502328042323,0.2571112976613754
2017-02-04,947.8123809523802,947.9733821733817,947.8922832722837,947.8876556776542,0.15537865978021995
2017-02-05,947.3763779527569,947.5400918635185,947.4604461942271,947.4625984251977,0.14414619437007867
2017-02-06,952.9664052287591,953.3126143790853,953.1575272331157,953.1441830065371,0.1871475976361658
2017-02-07,978.7075604626704,979.0263301787594,978.8877392218718,978.8707150368026,0.2171708856256572
2017-02-08,986.5886134852813,987.0415289648639,986.8210446343799,986.8236087369436,0.25468019908831857
2017-02-09,953.427869012707,954.5159237536633,954.0204789833807,954.0235581622654,0.5516562780156404
2017-02-10,923.2617717717737,923.6636536536572,923.4478678678714,923.4839539539566,0.338921674624624
2017-02-11,953.6954292343386,953.8897331786553,953.7745823665894,953.8131554524368,0.1588394331902554
2017-02-12,952.5300126422264,952.6369658659933,952.5797597977254,952.5937168141598,0.1613816599115044
2017-02-13,945.6679228149843,946.0587287173677,945.8750624290593,945.860113507379,0.22827174615210033
2017-02-14,955.2931517094022,955.638130341882,955.4907799145315,955.4646688034195,0.20755044025641045
2017-02-15,960.1157654321003,960.3061851851868,960.1947901234576,960.2262222222242,0.18927750020987652
2017-02-16,971.0027814569529,971.2751986754965,971.1564238410584,971.1415673289185,0.19934317090507722
2017-02-17,988.4897777777766,988.8049999999985,988.6691444444433,988.6629777777755,0.21084777917777778
2017-02-18,1002.9181051478647,1003.074676889377,1002.9912157721803,1003.0034173055867,0.17519874238773303
2017-02-19,996.2515129151304,996.3895571955728,996.3251045510472,996.3165067650683,0.14956958440344417
2017-02-20,1002.9553903743296,1003.0663101604256,1002.9964705882333,1003.027999999998,0.1646292630160429
2017-02-21,1045.9544057971011,1046.327004830919,1046.1301062801938,1046.1566859903387,0.21045302477294703
2017-02-22,1068.3613685239486,1068.559472140763,1068.445298142717,1068.4679178885635,0.1932466758553278
2017-02-23,1091.4388020304573,1091.8423654822323,1091.6091675126904,1091.6766802030459,0.3006830788324869
2017-02-24,1122.2962242990666,1123.0810934579456,1122.7175420560764,1122.652953271029,0.2928108673738302
2017-02-25,1108.6689587852484,1109.0353687635584,1108.8642082429494,1108.8643492407807,0.17901671633405639
2017-02-26,1108.229696233292,1108.3587606318345,1108.29964763062,1108.2902673147014,0.14119197571081435
2017-02-27,1124.3711253196923,1124.6025191815831,1124.4874296675168,1124.4835805626583,0.29244861361892616
2017-02-28,1128.1393759512955,1128.488751902589,1128.3003348554053,1128.3192694063946,0.21919031715372894
2017-03-01,1149.4713012295078,1150.2298872950798,1149.7920696721303,1149.8618237704893,0.21963521424180335
2017-03-02,1184.1978270270274,1185.1942270270247,1184.7418054054028,1184.7526810810803,0.22359404555675708
2017-03-03,1215.4712386706963,1216.327250755287,1215.8606545820753,1215.9872507552873,0.2267515739677745
2017-03-04,1204.926696832578,1205.4861425339345,1205.2210067873286,1205.2483371040705,0.141106661708145
2017-03-05,1197.2444715447143,1197.5011498257834,1197.3769454123096,1197.3755284552847,0.09909591140534288
2017-03-06,1212.5555199115074,1212.788318584072,1212.6665929203562,1212.6620575221261,0.1421585653539826
2017-03-07,1186.4909262948208,1187.1446613545809,1186.8377988047812,1186.8303486055775,0.26982985251992053
2017-03-08,1131.3177240773282,1132.31,1131.83309314587,1131.8243233743406,0.29329999398945517
2017-03-09,1118.5936296975228,1119.1084051329037,1118.8624564619597,1118.8711732355614,0.34992351097158514
2017-03-10,1136.3944474637713,1138.1477445652174,1137.3889402173936,1137.2123731884074,0.6518930589492747
2017-03-11,1109.2957328385905,1109.9655194805193,1109.6161410018558,1109.6547309833027,0.2477435868645641
2017-03-12,1135.0336333699224,1135.4495170142686,1135.2426564215143,1135.2638199780445,0.1823126811086721
2017-03-13,1161.3178207547178,1162.0690849056598,1161.7101415094348,1161.7372358490559,0.18794620115094357
2017-03-14,1174.6532468780013,1175.1809221902017,1174.8969740634004,1174.9076753122006,0.2468389889625361
2017-03-15,1180.1527622014535,1180.643001038421,1180.4167082035292,1180.43140186916,0.2156179798961579
2017-03-16,1136.5126123128118,1137.4210399334406,1137.0385024958384,1136.961173044922,0.35206624779534107
2017-03-17,1050.1890281124502,1051.7912208835364,1051.0530682730935,1051.110329317271,0.39389151909236914
2017-03-18,955.8292969396203,957.5306782464846,956.7733912324243,956.7056079404465,0.5258122793713809
2017-03-19,946.4502468085099,947.3322808510626,946.9371148936156,946.9076680851056,0.337024694110638
2017-03-20,965.9799638663037,966.5497831978308,966.2689430894301,966.2768834688335,0.27990470461607936
2017-03-21,1010.7706200873347,1011.3766899563301,1011.0449956331862,1011.095423580783,0.3219708922794753
2017-03-22,968.750483005367,969.7320304114481,969.2550089445435,969.2599821109119,0.3532666805724507
2017-03-23,964.054441314554,964.4422816901418,964.2420938967138,964.2648356807524,0.2251630286948357
2017-03-24,915.6471922428343,916.8642748735249,916.3315430016869,916.3085244519398,0.39584924343170286
2017-03-25,861.8705296950233,862.6513723916532,862.2772552166929,862.306645264847,0.33558027381219874
2017-03-26,902.4354315196988,902.8743245778592,902.6684521575963,902.6361257035633,0.3998131979455912
2017-03-27,928.7986314847944,929.3575491949902,929.0602593917711,929.122835420393,0.3485207428264765
2017-03-28,966.8382704126433,967.3708604038646,967.1102985074632,967.1341264266915,0.28586032386303717
2017-03-29,962.7075960679169,963.2891778373521,962.9960768543326,963.0470688114378,0.2811034631188558
2017-03-30,968.3718465909099,968.9511268939413,968.6768087121234,968.6370265151527,0.2386300460416667
2017-03-31,996.315442708331,996.9805729166642,996.6571180555537,996.701527777775,0.3111288496961798
2017-04-01,1025.511245098039,1025.9690294117634,1025.7320196078424,1025.7624117647051,0.21619564304901975
2017-04-02,1032.3440209424075,1032.7115916230355,1032.5294869109937,1032.550596858638,0.24905679413612597
2017-04-03,1069.7027162629745,1070.3712283737016,1070.03070069204,1070.0681401384072,0.32992455195501685
2017-04-04,1076.0842114695354,1076.5229659498218,1076.32664874552,1076.3246594982095,0.29875526728494567
2017-04-05,1061.4989760147587,1061.9084963099604,1061.697702952027,1061.7254428044253,0.2559978094464943
2017-04-06,1097.8353611836385,1098.3367624020896,1098.0785030461261,1098.1258485639694,0.28550871399477823
2017-04-07,1123.8582381889748,1124.1797047244058,1124.023631889761,1124.023425196849,0.1642708610137795
2017-04-08,1122.5922409909901,1122.8085472972966,1122.7166441441443,1122.694076576575,0.16730693822072093
2017-04-09,1129.575780487804,1129.8569268292676,1129.7094268292674,1129.7436829268293,0.1483128414512195
2017-04-10,1143.53197710718,1143.7979708636844,1143.6683246618115,1143.6893340270556,0.191142181456816
2017-04-11,1148.3743915343905,1148.601597883595,1148.4827089947075,1148.486169312168,0.16749801246560866
2017-04-12,1150.2200623700614,1150.4356237006218,1150.3095322245308,1150.34873180873,0.17346500457380465
2017-04-13,1115.1773099415207,1115.672962962963,1115.4536159844058,1115.4165009746584,0.2022712698732945
2017-04-14,1114.2854640371215,1114.5464037122963,1114.4199187935023,1114.4201624129919,0.14117217761020934
2017-04-15,1114.3861602671109,1114.773806343905,1114.6266277128536,1114.5266611018358,0.09690890981636062
2017-04-16,1115.9985431400287,1116.2780339462527,1116.1153465346545,1116.1497736916554,0.10140444265912314
2017-04-17,1116.3142335766424,1116.52908759124,1116.4183941605836,1116.4352919708024,0.1284171022262776
2017-04-18,1128.74359538784,1129.1010691823892,1128.9212893081758,1128.9370649895156,0.17838336941299807
2017-04-19,1126.4041058941034,1126.7095304695292,1126.536473526472,1126.5643256743242,0.12184486017982046
2017-04-20,1144.5801099999974,1144.8851499999969,1144.7035999999969,1144.751529999997,0.19653499578000014
2017-04-21,1163.2725981873125,1163.5390835850983,1163.4051158106763,1163.4161027190357,0.21303788996978823
2017-04-22,1158.3326793721974,1158.478923766817,1158.4035426008973,1158.404809417041,0.17154178363228698
2017-04-23,1157.9457142857118,1158.2937472527437,1158.1096703296666,1158.1300989010965,0.21241671224175848
2017-04-24,1157.0553623188407,1157.327515527951,1157.170683229815,1157.2307660455483,0.23051377102484483
2017-04-25,1168.5248857142844,1168.8119047619027,1168.6834952380937,1168.6882095238084,0.25528927323809514
2017-04-26,1189.0588670411976,1189.5116292134817,1189.2991011235938,1189.3091760299617,0.23669383120786538
2017-04-27,1213.4337835420397,1214.0276565295162,1213.7338014311258,1213.7808944543824,0.3154808955277279
2017-04-28,1225.5075040916504,1226.165499181666,1225.8806301145626,1225.874950900161,0.365929505360065
2017-04-29,1238.5201724137933,1238.848649425286,1238.6974425287335,1238.714645593869,0.3053536532183906
2017-04-30,1241.3253265306125,1241.7523571428565,1241.5259285714278,1241.5679591836738,0.17913464375510216
2017-05-01,1301.082095959598,1301.9867255892245,1301.5614814814821,1301.5597390572395,0.3379101944865318
2017-05-02,1336.1405438596487,1337.292780701754,1336.7152017543854,1336.7585175438576,0.44631531635087707
2017-05-03,1359.0693019197238,1359.9809162303648,1359.4628010471201,1359.5682722513102,0.3929288682198948
2017-05-04,1435.3154637568207,1437.4539282930634,1436.4893219017933,1436.5470537802005,0.7708361960405296
2017-05-05,1448.0035308641964,1449.7576625514375,1448.9956378600803,1449.0410205761295,0.5134662719259244
2017-05-06,1433.9311031390139,1434.5198206278005,1434.2738565022391,1434.279381165919,0.3640251240538111
2017-05-07,1444.8045454545454,1445.589158249158,1445.219318181818,1445.2485690235676,0.3927839728198638
2017-05-08,1502.3322723609988,1503.7641337630926,1503.1078323932318,1503.1674294923423,0.3708025637389201
2017-05-09,1591.2872670321065,1592.8158809710264,1592.109028974158,1592.1853249804221,0.6060363305011747
2017-05-10,1618.9602890625015,1619.9209687500015,1619.4736640625015,1619.5222968750018,0.3850715492500001
2017-05-11,1697.7135171862483,1699.1407753796925,1698.4317585931233,1698.5372981614664,0.5060705437090314
2017-05-12,1632.2064106463877,1634.6536197718615,1633.6364410646365,1633.583034220532,0.4626354005095048
2017-05-13,1578.953990963853,1580.3611069277129,1579.6635090361444,1579.7253614457823,0.35995400685993845
2017-05-14,1651.8116271186427,1652.755033898302,1652.2934322033886,1652.2671101694884,0.21337895401694923
2017-05-15,1603.0995090016393,1604.7396072013078,1604.0212274959097,1604.031039279868,0.38201913591652975
2017-05-16,1592.9445087163247,1594.4575752773408,1593.761236133123,1593.7631220285284,0.4727701909429466
2017-05-17,1647.4747291021683,1648.6996517027899,1648.1514628482983,1648.1566099071235,0.40318612420278577
2017-05-18,1662.2917613636366,1663.2580925324648,1662.8110389610383,1662.8500649350626,0.32109084969155866
2017-05-19,1737.8196761757922,1739.7897764070922,1738.880786430222,1739.0421125674627,0.39516712678488836
2017-05-20,1781.8135406301776,1782.5094112769425,1782.166741293527,1782.2551243781045,0.42805092806799383
2017-05-21,1825.5484640522848,1826.597875816989,1826.1161437908463,1826.1165114379062,0.4106905709068625
2017-05-22,1927.0409374999974,1929.9255030487789,1928.6451829268283,1928.7206554878046,1.3585499112499995
2017-05-23,1978.8467765273347,1981.475803858527,1980.355409967851,1980.3755868167248,0.5602816397508034
2017-05-24,2114.3809762308983,2116.773056027161,2115.631655348046,2115.762962648556,0.6759484633191841
2017-05-25,2326.087429657792,2332.367148288973,2329.4299239543716,2329.5143498098823,1.1016763496501882
2017-05-26,2177.4103566333774,2184.226697574894,2181.3032738944385,2181.4205848787433,0.8068456422539232
2017-05-27,1894.0329291453647,1899.9454054054052,1897.415178962748,1897.5579985390777,0.815873067005113
2017-05-28,1997.9192830188636,2000.907018867923,1999.637147169807,1999.5167169811302,0.4689519434867921
2017-05-29,2029.6002185792324,2032.1405698672904,2030.9280171740809,2031.1590476190468,0.5415001418969555
2017-05-30,2037.9424791508707,2041.5126459439005,2039.967816527678,2039.9007884761202,0.6869755906747532
2017-05-31,2013.7375857038664,2017.5371043034243,2016.1964478482817,2016.0414952589324,0.620329782538292
2017-06-01,2147.3364472700105,2149.3773448017923,2148.45804786836,2148.476537023186,0.6339430749065069
2017-06-02,2171.994826771654,2173.2152440944865,2172.680685039369,2172.688937007873,0.43140675031496073
2017-06-03,2259.259551934823,2260.8633808553986,2260.155132382895,2260.156354378817,0.3571199055465037
2017-06-04,2247.9230642633233,2249.2566614420125,2248.725446708466,2248.590133228843,0.3187565389576807
2017-06-05,2320.9770790103753,2322.4662090981683,2321.757326416601,2321.864501197131,0.4668402788347961
2017-06-06,2524.225852272725,2528.6836718750023,2526.801100852274,2526.974730113636,0.740430841406249
2017-06-07,2511.4303773584825,2515.6599419448467,2513.6826850507955,2513.5781712626945,0.8440818483526856
2017-06-08,2460.9842204495985,2464.4116606236403,2462.5852791878174,2462.588556925307,0.5385999073313991
2017-06-09,2532.824351371387,2534.8484358784326,2533.860993328395,2533.915885841365,0.40668267123054075
2017-06-10,2561.3296669189976,2563.3626040878185,2562.4672672218016,2562.4821650265,0.3149264302649507
2017-06-11,2601.093711495118,2602.4347633358475,2601.8150112697285,2601.89338842976,0.5616276967242669
2017-06-12,2515.8207398753852,2519.926144859814,2518.158652647974,2518.0003660436105,0.7269888677959497
2017-06-13,2431.971788031721,2434.382162941607,2433.2424369142095,2433.3294953136306,0.5803724835904821
2017-06-14,2383.338239590936,2386.7353761870004,2385.3500730460178,2385.2764645726843,0.7181273615266625
2017-06-15,2112.7134460431607,2117.5745683453247,2115.1215107913645,2115.1794748201432,1.0999509958705047
2017-06-16,2198.9552276064655,2201.224640234952,2200.1406901615283,2200.098788546259,0.555750132437592
2017-06-17,2293.6989075630304,2294.863659281899,2294.241092436979,2294.3841176470632,0.30423390859434674
2017-06-18,2291.949253486464,2293.6630516817077,2292.8208859721067,2292.9098113207574,0.258243997719442
2017-06-19,2286.9906060605995,2288.558859649123,2287.7758054226424,2287.8465151515106,0.3390116590590112
2017-06-20,2386.2156454121337,2387.23643079316,2386.6884059098006,2386.8020995334437,0.49282149339035786
2017-06-21,2425.029553496209,2426.962358887955,2425.96958719461,2426.0572451558564,0.4387542785509686
2017-06-22,2403.069657273419,2405.058324447832,2404.0470982482866,2404.1893297791307,0.310760550837776
2017-06-23,2428.679771959455,2429.1936486486456,2428.9090962837813,2428.979239864862,0.26787539677364824
2017-06-24,2379.334128360795,2380.427328707716,2379.935559410231,2379.848248048567,0.3144313534952296
2017-06-25,2298.5535262689245,2299.8657346393597,2299.2427337488893,2299.182493321462,0.2865603905877117
2017-06-26,2194.297925311205,2197.668904564318,2196.2913858921206,2196.211809128632,0.4120842034107884
2017-06-27,2137.867439759042,2141.2487876506107,2139.598230421694,2139.6178463855504,0.5140013794352406
2017-06-28,2244.6963229416447,2246.828856914465,2245.781374900076,2245.895331734606,0.44159249609112644
2017-06-29,2254.0639427127217,2255.164751474306,2254.617944397643,2254.640303285596,0.2946090142459982
2017-06-30,2209.47493366501,2210.6904643449416,2210.066426202323,2210.094262023217,0.35104569755389686
2017-07-01,2156.9029598662246,2157.5746655518383,2157.2492642140483,2157.233503344483,0.22000410545986632
2017-07-02,2154.9586340206192,2155.7899054982818,2155.3228951890037,2155.49029209622,0.26641769329896914
2017-07-03,2226.1818871103665,2227.251423757378,2226.6782476832377,2226.746360572879,0.27007921436394255
2017-07-04,2295.3150039840566,2296.893163346614,2296.1785179282833,2296.1679043824643,0.33264939336254934
2017-07-05,2279.78334148329,2280.7517848410803,2280.256006519969,2280.279657701714,0.32240660044824765
2017-07-06,2294.5635567010263,2295.3958676975903,2294.949879725083,2295.01646907216,0.26351143841065283
2017-07-07,2237.738736217134,2239.0627820186623,2238.4722476675197,2238.461908396945,0.2990889637828664
2017-07-08,2220.8350957155817,2221.519608021872,2221.181267092063,2221.1970920692743,0.19511469644484988
2017-07-09,2239.5564927536298,2239.8799710145017,2239.7208405797173,2239.7250724637756,0.17110714136231894
2017-07-10,2152.450993265988,2155.2005303030273,2153.9985353535317,2154.0805303030274,0.4525153917760946
2017-07-11,2056.48925441968,2058.599907763261,2057.582244427363,2057.7179477325176,0.42740191575710945
2017-07-12,2054.669322916665,2055.7155803571454,2055.1825967261925,2055.284568452384,0.3825151423214289
2017-07-13,2081.109663582843,2082.027746005045,2081.5983431455015,2081.5903364171563,0.3630882681917579
2017-07-14,1998.6435636969177,1999.9803080766042,1999.4005661948381,1999.3248709408826,0.38693275580349695
2017-07-15,1806.797789799073,1808.6448608964442,1807.830208655332,1807.7627279752678,0.3447039670324567
2017-07-16,1671.490385852094,1673.880144694533,1672.837918006431,1672.8309163987165,0.5416899000803848
2017-07-17,1806.374776119403,1808.7729300864107,1807.6245797329132,1807.8579025923023,0.4946148697564802
2017-07-18,1986.5802912621386,1989.3739644012962,1988.0682362459554,1988.122702265374,0.5617574084385106
2017-07-19,2012.4413509316778,2014.136537267079,2013.3684239130432,2013.3002484472029,0.44914531324534046
2017-07-20,2181.2688283157036,2184.5575834011415,2182.8231244914546,2183.0777054515847,0.8205855164686734
2017-07-21,2343.7140546697015,2345.9289521640085,2344.8426119969618,2344.8406226271823,0.4346209484662109
2017-07-22,2396.314512820516,2397.302111111117,2396.7581025641084,2396.867145299153,0.29381181080341817
2017-07-23,2383.759705372619,2384.745043327565,2384.2594540727982,2384.30757365685,0.2385604358145579
2017-07-24,2379.029982456137,2379.9708421052615,2379.4845087719286,2379.537245614033,0.28798563261403465
2017-07-25,2245.5289891395114,2248.0754469507074,2246.9381119465293,2246.7840183792773,0.5033323283375103
2017-07-26,2167.1699676637068,2168.9486661277315,2168.105885206147,2168.103168957156,0.31437866657235186
2017-07-27,2224.995945485522,2226.633875638843,2225.7595315161857,2225.8683304940396,0.2926676059710388
2017-07-28,2359.7279536039764,2362.3201408450723,2360.9881027340502,2360.9391300745683,0.26938431106048016
2017-07-29,2325.124834605599,2326.2049957591203,2325.7151993214607,2325.6829177268874,0.19862678379134896
2017-07-30,2306.816773049646,2308.6332890070926,2307.743448581562,2307.713785460994,0.17447197252659594
2017-07-31,2381.285166389346,2383.9658319467508,2382.755474209648,2382.903352745419,0.28269579406821954
2017-08-01,2370.3708557844693,2375.7151664025396,2373.4567115689374,2373.259746434236,0.2436760358954036
2017-08-02,2309.6016842961776,2311.2432628152983,2310.395020341744,2310.4002034174146,0.3144685270056949
2017-08-03,2330.8923488773744,2331.4273143350597,2331.1424956822098,2331.2055440414524,0.21596672378238368
2017-08-04,2402.796981132073,2403.6613453650534,2403.218342904017,2403.254889253488,0.276708064339622
2017-08-05,2678.5492095451177,2681.3294407158855,2679.9055108128264,2680.066771066372,0.4800849917747948
2017-08-06,2743.048359872609,2743.9461066878976,2743.506289808917,2743.5287499999986,0.2495560571735665
2017-08-07,2832.3090952762186,2834.2393755004064,2833.2654363490815,2833.357317854285,0.4712600797998402
2017-08-08,2918.4408389012647,2920.72927988122,2919.5819524870103,2919.6788864142595,0.4897771140682995
2017-08-09,2864.464875659383,2866.867754333088,2865.773217784475,2865.7479577995537,0.3769893525621699
2017-08-10,2916.3655676516296,2917.8741757387256,2917.1749300155543,2917.181842923793,0.41576891121306264
2017-08-11,3012.122848438688,3013.646633663364,3012.87884996192,3012.957707539982,0.547655706153846
2017-08-12,3228.7052831594706,3231.3886363636425,3230.1302608047727,3230.178636363643,0.4906645579508193
2017-08-13,3436.877402597402,3441.911075036073,3439.542871572875,3439.6118037518017,0.464490401666666
2017-08-14,3569.015163204743,3572.70080118695,3570.840022255198,3571.0118100890227,0.6022461961943625
2017-08-15,3570.5773167259813,3578.1355231316834,3574.7937722420056,3574.7558291815035,0.753780025516014
2017-08-16,3581.6417537313496,3585.530776119403,3583.65987313433,3583.772559701501,0.4884512467686564
2017-08-17,3728.3349486049906,3731.597459618208,3729.9903964757673,3730.013017621145,0.5692966389867838
2017-08-18,3628.634873887234,3631.7331379821926,3630.208827893173,3630.1323219584556,0.5092627660459931
2017-08-19,3508.4225623582834,3510.239501133791,3509.39092214664,3509.364958427817,0.3203718080574444
2017-08-20,3518.4540634920686,3519.8899682539686,3519.2628492063486,3519.1164603174643,0.25309294191269827
2017-08-21,3445.0916704459614,3447.7583597883645,3446.567241118671,3446.5299697656824,0.4946248043461823
2017-08-22,3364.339337700146,3368.4802765647732,3366.3374454148493,3366.552445414853,0.612868721979623
2017-08-23,3552.3805079605754,3554.694852160731,3553.5863684609567,3553.6057467778573,0.386323215163002
2017-08-24,3587.7523129771007,3589.2231374045864,3588.4559770992396,3588.561740458013,0.2904634961297702
2017-08-25,3706.9615060240976,3708.7367771084378,3707.8589909638577,3707.9177786144623,0.3465701046385538
2017-08-26,3650.84810358566,3651.7333306772925,3651.3581274900416,3651.277984063747,0.1870393232749004
2017-08-27,3667.213857374385,3667.78667747163,3667.5295380875127,3667.5296515397035,0.20709536292544561
2017-08-28,3633.654936138246,3634.557490608574,3634.103260706241,3634.1351089406553,0.412145942201352
2017-08-29,3743.7934681181955,3745.680038880254,3744.7103110419907,3744.866275272162,0.5312276375738727
2017-08-30,3861.7009817351795,3862.721149162882,3862.214893455122,3862.230060882819,0.4539970309741236
2017-08-31,3960.8221886792394,3962.1162943396293,3961.481441509437,3961.5654113207547,0.5696812290339611
2017-09-01,4072.1876969697146,4073.821772727292,4073.0154393939542,4073.0978030303168,0.6790033585000002
2017-09-02,3976.814191443075,3980.4774546773046,3978.9018636693263,3978.770224800583,0.505463237991297
2017-09-03,3924.508890589132,3926.176778882934,3925.37554705432,3925.4185386380977,0.35500084876817095
2017-09-04,3779.4292710706213,3784.6078815489773,3782.274328018224,3782.2013591495897,0.9101004831359158
2017-09-05,3714.579479686387,3717.5381397006454,3716.1134568781226,3716.1708339273046,0.5782380044119736
2017-09-06,3875.7115793251996,3877.6884278535613,3876.6659152907437,3876.7351974156495,0.9579487444005733
2017-09-07,3864.9196078431282,3866.099668174959,3865.4983936651565,3865.526915535441,0.44739181593514227
2017-09-08,3752.848935003912,3756.3468911511395,3754.798903680501,3754.556992952232,0.6764336530462016
2017-09-09,3626.1785485103146,3627.6379526356027,3626.8527425515663,3626.9557524828165,0.2930974427196329
2017-09-10,3541.3782947530863,3543.2127854938335,3542.383410493826,3542.4178009259335,0.3473554998148145
2017-09-11,3538.670893550888,3540.3908158508234,3539.575407925413,3539.607513597519,0.3004997433333335
2017-09-12,3586.5465538461526,3588.5650076923025,3587.614992307692,3587.5672384615364,0.5278355925692308
2017-09-13,3307.9207270135457,3312.496364932294,3310.5191945830334,3310.415003563796,0.7814001474839631
2017-09-14,3053.705,3059.616178203239,3057.0195802650937,3056.7786450662684,1.0551954825036818
2017-09-15,2871.3860599415225,2879.257222222223,2875.1248684210527,2875.4285526315807,1.4397879923172492
2017-09-16,3171.2133111603857,3174.40773096822,3172.8939024390224,3172.9117147080574,0.6893495584109378
2017-09-17,3091.076735474007,3093.0613379204883,3092.102431192659,3092.090451070337,0.4082136646406725
2017-09-18,3341.4376636225293,3344.3470243531237,3342.7711415525137,3342.9796955860033,0.6705822468340946
2017-09-19,3332.901262208879,3335.0798873027884,3334.0666641622956,3333.9934034560547,0.5018434988054091
2017-09-20,3311.5937807784035,3312.634169976181,3312.1590389197822,3312.1394678316196,0.3227932726449558
2017-09-21,3198.734679040991,3200.8772931167896,3199.9342382057303,3199.8028770301657,0.6138509909203401
2017-09-22,3056.6144435975625,3058.4522484756058,3057.52714176829,3057.6237881097545,0.4690703610594505
2017-09-23,3172.811903594778,3174.0595751634064,3173.4058496732123,3173.4436764705947,0.2889310595751633
2017-09-24,3135.0361303979653,3135.550524978822,3135.3118712955056,3135.2896359017736,0.22571972648602887
2017-09-25,3257.356069306934,3258.860059405945,3258.0761386138656,3258.1918712871316,0.4867930803267324
2017-09-26,3337.2481956696065,3338.152678428231,3337.701804330395,3337.6908580593417,0.32678914658380026
2017-09-27,3460.651358994504,3461.917729772201,3461.1763786331503,3461.369418696004,0.5490395060958365
2017-09-28,3588.9883599088867,3590.40835990888,3589.7563705391017,3589.7285649202686,0.37799141643128287
2017-09-29,3543.9322600151227,3545.388873771732,3544.6787603930497,3544.621715797433,0.33795608099773217
2017-09-30,3649.397542033631,3650.111265012013,3649.711657325867,3649.8124659727787,0.3233067911769413
2017-10-01,3685.0748055105505,3685.5491653160598,3685.3195218800793,3685.329554294991,0.22708156436790927
2017-10-02,3787.0292343032165,3788.291225114851,3787.6582924961704,3787.688460949459,0.47175064591883553
2017-10-03,3712.828813291144,3714.2070490506344,3713.5565743670904,3713.5260205696245,0.4411550951186708
2017-10-04,3646.6229871175724,3647.548623188429,3647.140692431586,3647.0722785829535,0.38739141243961334
2017-10-05,3660.3025957779546,3661.110992963257,3660.659499609073,3660.735480844414,0.31836769296325207
2017-10-06,3736.0513870967757,3736.532564516133,3736.288580645166,3736.291669354842,0.29701267687096733
2017-10-07,3724.2246416382463,3724.4155204778453,3724.3085580205025,3724.3336092150425,0.18766226857508536
2017-10-08,3824.6554804560537,3825.1212540716765,3824.824193811092,3824.9520765472507,0.33459040429967446
2017-10-09,3967.859139465887,3969.3806157270064,3968.5907418397705,3968.746424332351,0.634921308738872
2017-10-10,4109.213328369335,4110.530238272537,4109.897997021603,4109.8960685033635,0.4848334913775129
2017-10-11,4080.0887094339832,4080.799977358505,4080.432875471718,4080.474920754733,0.3867915539547165
2017-10-12,4336.825975135978,4339.66201243201,4338.119479409481,4338.476573426576,0.8818602619036504
2017-10-13,4753.505077247194,4758.733103932576,4756.114754213478,4756.0142696629155,0.9419892702668546
2017-10-14,4797.328957239328,4798.615536384099,4797.938604651171,4798.029632408105,0.30688414918229545
2017-10-15,4756.454887556228,4758.730959520246,4757.694632683667,4757.65655922039,0.4714305751724141
2017-10-16,4819.3239261492145,4820.755651846278,4820.0276186887795,4820.073127354942,0.48427616110776184
2017-10-17,4824.414687034286,4825.981676602093,4825.267011922517,4825.222622950818,0.4548698716691497
2017-10-18,4643.283333333349,4647.762937728936,4645.526175824181,4645.725641025644,0.8020214798388271
2017-10-19,4810.48709505705,4811.525673003809,4810.996365019023,4811.044836501913,0.5000724265171105
2017-10-20,4921.454976923105,4924.083153846157,4922.711500000011,4922.955569230776,0.641578452338462
2017-10-21,5191.967579022985,5194.458369252858,5193.145330459762,5193.260739942521,0.5217621192097698
2017-10-22,5054.331674107141,5057.6378348214175,5055.994218749993,5056.186413690462,0.46503575954613086
2017-10-23,5045.601218773665,5049.444171082521,5047.594595003787,5047.573096139294,0.5955953193111284
2017-10-24,4881.414490084986,4885.408512747867,4883.48707507082,4883.426742209626,0.6904847289235126
2017-10-25,4783.490408309453,4787.385078796549,4785.585644699136,4785.585157593115,0.6053008606805158
2017-10-26,5024.74579775282,5026.7624868914,5025.660187265924,5025.88659176031,0.5195922015056174
2017-10-27,5062.2176574501045,5063.985030721975,5063.117749615993,5063.07914746545,0.41656112413210394
2017-10-28,5020.932882165608,5021.787046178355,5021.35163216561,5021.420955414016,0.22418187309713342
2017-10-29,5094.732887438838,5096.793809135383,5095.679698205535,5095.874575856434,0.555406434869494
2017-10-30,5288.970513207571,5290.411652830185,5289.699215094345,5289.7396226415185,0.4509251015396227
2017-10-31,5416.167938530747,5417.705014992511,5416.825787106449,5417.033830584715,0.7490327606446775
2017-11-01,5690.655569985569,5693.232965367966,5691.812683982683,5692.098001443,0.9292244820995673
2017-11-02,6070.064803094247,6077.885414908577,6074.44010548523,6074.500414908579,1.4283556347749646
2017-11-03,6317.506498936915,6321.980460666202,6319.897562012746,6319.884025513819,0.9397748249893693
2017-11-04,6318.261042415532,6320.813910855497,6319.4281308411155,6319.637203450753,0.5249649725377429
2017-11-05,6521.719448934617,6524.024070536358,6522.817112417339,6522.953299044807,0.62094253235856
2017-11-06,6325.836833095581,6331.758330955792,6328.988659058496,6328.772689015697,1.1198006870898727
2017-11-07,6222.24345902829,6224.581675126907,6223.36227701233,6223.494481508337,0.6695986284191441
2017-11-08,6420.967071277366,6426.942145377546,6424.217918136906,6424.292067748767,1.3386408145377575
2017-11-09,6320.246981132067,6323.625711175619,6322.052525399128,6321.90251088534,0.7931821061465893
2017-11-10,6012.10805575936,6019.880733675727,6016.52831254587,6016.2898752751435,1.2801039118782076
2017-11-11,5668.48955650929,5674.524821173103,5671.691144492124,5671.534964234617,0.9250430961731047
2017-11-12,5265.6196086652635,5278.212117400427,5272.177253668764,5272.039580712792,1.6205085855276042
2017-11-13,5530.514961130734,5538.234522968197,5534.238727915185,5534.540643109529,1.5532720223250887
2017-11-14,5698.6001730353355,5700.533568853633,5699.5265104542095,5699.593619322272,0.6553592744412406
2017-11-15,6040.39982021081,6043.626776193432,6041.83208307502,6042.259262244262,1.420184223880969
2017-11-16,6407.909540481417,6411.927417943124,6409.861721371275,6410.161436907394,1.1169078242377835
2017-11-17,6688.157780938856,6692.046422475082,6690.199466571822,6690.067859174958,1.0446401848719766
2017-11-18,6599.365672389145,6601.168047210319,6600.285250357672,6600.321802575132,0.44382170349070155
2017-11-19,6668.378005974605,6669.840814040299,6669.034346527234,6669.1786482449315,0.6120020804779686
2017-11-20,6948.091573529446,6949.505889705863,6948.71098529411,6948.915294117645,0.8971553459852938
2017-11-21,7065.5260070422555,7069.4970140844935,7067.549436619702,7067.520633802802,0.9875116349577454
2017-11-22,7086.138582621107,7087.5603133903305,7086.809102564116,7086.852236467249,0.691260511695156
2017-11-23,6999.560861694433,7000.969927588675,7000.304793627785,7000.164489500339,0.7825393148805223
2017-11-24,6973.907252669064,6975.439615658352,6974.678035587186,6974.685402135219,0.6418383768683281
2017-11-25,7138.881380569799,7139.9307815923885,7139.31060628196,7139.554404674942,0.6830944431848079
2017-11-26,7630.739957657033,7635.954601270269,7633.186669019055,7633.493514467178,1.0531490164361335
2017-11-27,8080.404629370694,8083.970398601426,8082.265566433608,8082.4693636364,1.243027107783217
2017-11-28,8285.992117981568,8287.651584932475,8286.853845060421,8286.913304904056,0.8827960628713584
2017-11-29,8876.121622775794,8907.986355871917,8892.92841992883,8893.078135231319,2.1744250831530247
2017-11-30,8817.608357894736,8839.471473684227,8829.238449122826,8829.753207017553,1.7121715017052654
2017-12-01,8756.812272727273,8764.734646464643,8761.74944444444,8760.11131313131,0.7574077362121207
