Time,Low,High,Open,Close,Volume,MinValue,MaxValue
1514632020.0,13750.01,13771.75,13761.49,13768.84,1.2842480900000002,0,0
1514545620.0,14145.01,14191.99,14191.99,14176.73,0.62990102,0,0
1514459220.0,13810.0,13870.28,13870.28,13810.01,5.799787359999999,0,1
1514372820.0,15744.47,15785.99,15785.99,15744.47,6.775891480000001,2,0
1514286420.0,15327.0,15327.0,15327.0,15327.0,0.06726844,2,15
1514200020.0,14316.7,14316.71,14316.71,14316.7,0.5842750400000001,2,8
1514113620.0,13844.91,13887.0,13887.0,13853.03,3.09122481,36,5
1514027220.0,15190.0,15198.0,15190.0,15198.0,1.46828148,6,8
1513940820.0,13910.48,14050.0,13910.49,14050.0,3.64293065,96,7
1513854420.0,16844.2,16844.2,16844.2,16844.2,0.159,80,0
1513768020.0,17267.42,17272.38,17272.38,17271.0,0.8902872399999999,54,0
1513681620.0,18200.01,18223.91,18223.91,18200.01,5.203290970000001,30,0
1513595220.0,19021.0,19021.0,19021.0,19021.0,0.87800974,22,0
1513508820.0,19750.0,19770.03,19750.0,19770.03,8.641401199999999,12,0
1513422360.0,18130.08,18144.01,18144.0,18130.08,0.69322316,10,0
1513335960.0,17711.99,17740.0,17711.99,17740.0,1.0814354199999998,10,0
1513249560.0,16940.0,16940.01,16940.0,16940.0,0.78546496,18,15
1513163160.0,17200.0,17249.9,17200.0,17249.89,1.94104842,16,0
1513076760.0,16884.08,16896.09,16884.08,16896.09,0.8772821900000001,9,0
1512990360.0,16699.98,16699.99,16699.99,16699.99,0.6963030600000001,8,0
1512903960.0,14343.59,14384.99,14343.6,14384.99,0.7581549,32,19
1512817560.0,15373.16,15400.01,15400.0,15373.16,6.826963819999999,60,19
1512731160.0,15326.53,15383.15,15350.0,15378.35,4.170614999999999,42,19
1512644760.0,15450.04,15499.99,15498.0,15489.82,2.7874105900000004,22,0
1512558360.0,12660.07,12875.07,12875.07,12680.13,8.777783399999997,0,0
1512471960.0,11689.99,11690.0,11690.0,11690.0,0.85020905,0,0
1512385560.0,11366.99,11370.0,11367.0,11370.0,0.4884484699999999,0,0
1512299160.0,11153.61,11161.0,11158.35,11154.19,1.21005013,0,0
1512212760.0,11080.0,11090.0,11080.0,11090.0,2.1802655800000004,0,0
1512126360.0,9836.95,9850.4,9837.06,9850.39,8.140377050000001,0,28
1512039960.0,9887.09,9889.99,9887.09,9889.68,1.6240548999999995,87,28
1511953560.0,10944.99,10945.0,10945.0,10944.99,2.81345403,30,0
1511867160.0,9923.79,9923.79,9923.79,9923.79,1.2123339199999998,30,0
1511780760.0,9764.86,9764.99,9764.86,9764.98,1.4314613400000002,0,0
1511694360.0,9007.78,9040.0,9007.78,9040.0,10.522874800000004,0,0
1511607960.0,8415.78,8428.01,8428.0,8415.78,4.98398637,0,0
1511521560.0,8195.01,8195.02,8195.01,8195.02,3.18782384,0,70
1511435160.0,8133.5,8144.99,8133.5,8133.94,3.5324703100000003,0,36
1511348760.0,8297.95,8297.95,8297.95,8297.95,0.6841899699999999,37,0
1511262360.0,8186.39,8186.4,8186.4,8186.4,0.31493399,37,0
1511175960.0,8046.0,8050.0,8046.0,8050.0,0.04884766,0,0
1511089560.0,7774.99,7775.0,7775.0,7775.0,2.30502551,0,80
1511003160.0,7728.45,7728.5,7728.45,7728.49,0.3881751599999999,0,41
1510916760.0,7895.17,7896.93,7896.92,7895.17,0.96608943,42,0
1510830360.0,7492.34,7492.36,7492.35,7492.35,3.35908051,0,0
1510743960.0,6989.98,6989.98,6989.98,6989.98,2.0317280599999994,0,220
1510657560.0,6609.0,6609.01,6609.01,6609.01,0.18707722999999987,0,135
1510571160.0,6450.0,6458.3,6450.0,6458.3,9.00084189,0,92
1510484760.0,6351.54,6361.04,6361.04,6359.82,0.8756290899999979,0,47
1510398360.0,6650.01,6650.01,6650.01,6650.01,1.01471201,480,45
1510311960.0,7100.0,7100.01,7100.01,7100.0,4.884018079999999,441,44
1510225560.0,7193.01,7201.86,7193.01,7201.86,3.55630001,100,44
1510139160.0,7399.99,7400.0,7399.99,7400.0,0.7630739499999999,51,132
1510052760.0,7185.0,7185.01,7185.01,7185.01,1.82879371,150,52
1509966360.0,7321.13,7336.11,7336.11,7321.13,0.7966802000000001,106,52
1509879960.0,7484.99,7485.0,7485.0,7485.0,0.12171597,54,0
1509793560.0,7156.31,7174.99,7156.31,7174.99,0.37480204,150,55
1509707160.0,7297.0,7327.79,7327.79,7303.77,6.302893689999999,112,55
1509620760.0,7298.98,7319.31,7298.99,7319.31,16.823087279999996,57,0
1509534360.0,6561.01,6562.0,6561.02,6562.0,2.1041075700000005,48,0
1509447960.0,6169.99,6169.99,6169.99,6169.99,2.51988522,0,59
1509361560.0,6199.75,6199.98,6199.75,6199.98,1.7670749700000004,60,0
1509275160.0,5817.88,5820.99,5817.88,5820.99,4.170482809999998,0,122
1509188760.0,5749.73,5749.74,5749.74,5749.74,0.90776112,0,62
1509102360.0,5849.66,5849.67,5849.67,5849.66,0.86900729,63,244
1509015960.0,5789.0,5795.0,5789.0,5795.0,17.12708618,63,192
1508929560.0,5576.05,5576.1,5576.06,5576.1,0.4629900000000001,0,65
1508843160.0,5736.75,5737.51,5736.75,5737.51,1.39410143,264,65
1508756760.0,5897.89,5897.89,5897.89,5897.89,2.2184299600000004,67,122
1508670360.0,5799.0,5799.0,5799.0,5799.0,0.7341755899999999,134,68
1508583960.0,6113.0,6113.01,6113.01,6113.01,1.37522482,69,0
1508497560.0,5670.11,5670.11,5670.11,5670.11,0.09390348999999998,132,70
1508411160.0,5699.99,5700.0,5700.0,5700.0,1.01723091,71,210
1508324760.0,5270.03,5280.99,5280.37,5280.99,5.563621979999999,0,72
1508238360.0,5647.96,5647.97,5647.97,5647.97,0.12186981000000002,146,72
1508151960.0,5708.99,5710.96,5709.0,5710.49,1.41545103,74,0
1508065560.0,5602.13,5602.14,5602.14,5602.14,3.3610551199999987,146,75
1507979160.0,5699.99,5700.0,5700.0,5700.0,2.8225151300000006,76,0
1507892760.0,5580.02,5588.34,5588.11,5583.5,3.4614740499999987,73,0
1507806360.0,5172.76,5180.0,5172.76,5180.0,1.0576636,0,0
1507719960.0,4816.94,4816.94,4816.94,4816.94,0.3722461500000001,0,0
1507633560.0,4807.84,4814.0,4807.84,4814.0,5.76400476,0,0
1507547160.0,4597.89,4597.9,4597.9,4597.9,0.5215039899999999,0,2511
1507460760.0,4477.98,4477.99,4477.99,4477.99,0.13632668,0,2460
1507374360.0,4321.45,4322.39,4321.45,4322.39,2.27404076,0,83
1507287960.0,4388.71,4388.71,4388.71,4388.71,1.5333874099999998,84,332
1507201560.0,4241.8,4245.0,4241.8,4245.0,0.8369585900000001,0,85
1507115160.0,4248.2,4249.9,4249.9,4248.21,0.82189135,430,85
1507028760.0,4321.13,4324.06,4324.06,4321.14,1.71438312,174,85
1506942360.0,4461.61,4461.62,4461.62,4461.62,0.8555610299999998,88,1992
1506855960.0,4308.87,4308.9,4308.87,4308.9,0.2454045400000001,87,1691
1506769560.0,4267.72,4272.01,4272.01,4267.72,0.18577268,87,1620
1506683160.0,4143.99,4144.0,4144.0,4143.99,0.7308387199999999,0,91
1506596760.0,4185.98,4194.7,4186.78,4194.7,1.0100085099999998,92,1456
1506510360.0,4058.0,4059.13,4058.64,4058.41,1.47346857,0,1395
1506423960.0,3939.36,3939.37,3939.37,3939.37,0.44463037,0,752
1506327660.0,3775.13,3775.13,3775.13,3775.13,1.849e-05,0,380
1506241260.0,3675.05,3675.06,3675.06,3675.06,2.5329705000000002,0,96
1506154860.0,3737.0,3741.81,3737.0,3740.77,2.27517191,97,192
1506068460.0,3645.0,3651.0,3651.0,3645.0,7.614885149999999,0,98
1505982060.0,3897.35,3899.7,3899.7,3898.56,0.16514071,396,95
1505895660.0,3927.36,3927.38,3927.38,3927.37,0.08953041,300,95
1505809260.0,3938.01,3946.87,3946.87,3938.04,4.3227952200000015,202,95
1505722860.0,3964.06,3964.07,3964.07,3964.06,3.0920884899999987,102,188
1505636460.0,3492.0,3510.0,3510.0,3492.0,18.079599970000004,0,103
1505550060.0,3966.0,3967.0,3966.99,3967.0,3.99862113,104,376
1505463660.0,3069.0,3069.02,3069.02,3069.01,2.30197428,0,105
1505377260.0,3832.55,3832.57,3832.57,3832.55,1.2680890299999998,2438,105
1505290860.0,3940.15,3945.16,3945.16,3940.16,0.51076626,2354,105
1505204460.0,4333.0,4334.07,4334.04,4333.01,0.6052870100000001,108,267
1505118060.0,4164.42,4164.42,4164.42,4164.42,0.16920000000000002,2052,109
1505031660.0,4229.72,4234.99,4229.72,4234.97,1.6548025400000002,1870,109
1504945260.0,4411.68,4411.69,4411.69,4411.69,0.33432995,555,89
1504858860.0,4648.91,4649.0,4648.91,4649.0,0.28431233999999994,112,405
1504772460.0,4521.0,4521.0,4521.0,4521.0,0.72517345,224,113
1504686060.0,4584.32,4590.0,4589.97,4590.0,3.706379510000001,114,339
1504599660.0,4412.08,4413.0,4412.99,4412.99,1.34914328,112,230
1504513260.0,4406.17,4410.51,4410.51,4407.99,14.778677169999998,666,116
1504426860.0,4690.0,4697.79,4690.0,4697.79,5.1315277,351,81
1504340460.0,4745.19,4745.2,4745.2,4745.2,0.40883409,236,81
1504254060.0,4762.19,4762.2,4762.2,4762.2,6.41320114,119,0
1504167660.0,4622.57,4625.49,4622.57,4625.49,2.59849679,117,0
1504081260.0,4591.12,4595.19,4591.12,4595.19,0.6500213400000001,117,0
1503994860.0,4363.99,4365.68,4364.01,4365.68,0.4863442,111,0
1503908460.0,4294.74,4294.96,4294.9,4294.88,0.092109,444,123
1503822060.0,4338.4,4338.41,4338.41,4338.41,0.38964366,372,123
1503735660.0,4343.99,4344.0,4344.0,4344.0,0.55822345,125,1107
1503649260.0,4338.0,4341.03,4338.0,4341.03,0.5896574099999999,125,1008
1503562860.0,4197.9,4200.0,4197.9,4199.99,7.675291859999999,110,762
1503476460.0,4109.1,4112.0,4109.11,4112.0,2.9933212900000004,108,384
1503390060.0,3819.72,3828.33,3819.72,3828.33,0.6859301999999999,1060,129
1503303660.0,4017.14,4019.78,4019.49,4019.78,0.7212400000000003,1170,129
1503217260.0,4126.07,4127.71,4126.07,4127.7,1.4397747300000003,131,256
1503130860.0,4069.98,4069.98,4069.98,4069.98,0.23035978,917,132
1503044460.0,4298.88,4300.01,4300.01,4298.88,1.42094451,266,127
1502958060.0,4346.8,4346.81,4346.81,4346.81,0.15395549,134,0
1502871660.0,4074.8,4076.96,4076.96,4074.81,0.7920860100000001,532,135
1502785260.0,4318.77,4322.24,4318.78,4322.24,2.90546365,136,0
1502698860.0,4089.99,4092.22,4089.99,4092.22,3.47445554,272,137
1502612460.0,4160.0,4178.98,4160.0,4166.91,2.141668979999999,138,0
1502526060.0,3768.9,3768.91,3768.91,3768.9,0.28026466000000005,106,0
1502439660.0,3482.57,3482.58,3482.58,3482.58,1.89136442,106,0
1502353260.0,3390.87,3390.87,3390.87,3390.87,2.48711489,318,141
1502266860.0,3402.0,3402.67,3402.0,3402.0,1.66559444,284,141
1502180460.0,3480.0,3480.24,3480.0,3480.24,1.2555586600000002,143,0
1502094060.0,3240.13,3240.84,3240.13,3240.84,0.42325107,106,0
1502007660.0,3162.01,3164.29,3162.01,3164.25,1.31704618,106,0
1501921260.0,3116.25,3116.94,3116.9,3116.25,0.5910341000000001,106,0
1501834860.0,2813.29,2815.44,2813.45,2814.49,0.39218653,0,7791
1501748460.0,2716.99,2717.0,2717.0,2717.0,0.8210818299999999,0,148
1501662060.0,2717.78,2718.99,2718.99,2717.78,0.64600086,447,148
1501575660.0,2801.01,2802.47,2802.39,2801.01,0.07025667,150,7400
1501489260.0,2746.0,2749.0,2746.0,2749.0,2.3390756299999995,150,1208
1501402860.0,2632.45,2632.46,2632.46,2632.46,0.14897892,0,152
1501316460.0,2732.2,2735.73,2735.73,2733.05,1.24260812,306,152
1501230060.0,2728.62,2733.19,2728.62,2733.19,4.37128519,154,608
1501143660.0,2536.21,2536.22,2536.22,2536.22,0.78150984,0,310
1501057260.0,2481.04,2486.63,2486.63,2481.04,0.5716483,0,156
1500970860.0,2660.2,2662.96,2662.96,2661.14,5.23616534,785,155
1500884460.0,2745.44,2745.48,2745.44,2745.48,0.30100000000000005,474,152
1500798060.0,2757.46,2760.52,2760.51,2757.46,1.1239019,318,151
1500711660.0,2784.79,2788.95,2784.79,2788.94,2.7807305400000004,160,6040
1500625260.0,2742.0,2744.72,2742.0,2744.72,0.99513008,158,5957
1500538860.0,2314.15,2315.67,2314.15,2315.67,0.5253000000000001,0,162
1500452460.0,2393.0,2393.01,2393.01,2393.0,0.53858427,163,1458
1500366060.0,2261.01,2261.02,2261.01,2261.02,0.3724733,0,656
1500279660.0,2078.5,2078.52,2078.5,2078.51,0.73152587,0,495
1500193260.0,1957.01,1958.11,1958.11,1957.01,1.96893426,0,166
1500106860.0,2062.0,2064.32,2064.32,2062.0,10.541963289999998,9352,166
1500020460.0,2332.4,2336.3,2336.3,2332.4,1.7051389500000005,336,164
1499934060.0,2370.19,2373.97,2370.19,2373.97,0.1509,169,492
1499847660.0,2305.56,2309.27,2306.66,2309.27,0.8142,7056,170
1499761260.0,2335.83,2336.26,2336.26,2336.11,0.15625696000000006,7011,170
1499674860.0,2513.38,2513.6,2513.6,2513.39,2.2974849200000005,344,162
1499588460.0,2548.51,2549.64,2548.51,2549.61,0.8190617600000001,173,324
1499502060.0,2497.52,2498.57,2498.57,2498.32,5.683898100000001,860,174
1499415660.0,2568.12,2568.13,2568.13,2568.12,1.2892,350,162
1499329260.0,2602.0,2604.19,2604.19,2602.54,0.19825147000000004,176,324
1499242860.0,2555.99,2556.16,2556.15,2556.16,1.06128862,350,177
1499156460.0,2618.12,2621.07,2620.32,2619.56,2.1755009700000003,178,1620
1499070060.0,2487.8,2488.8,2488.77,2487.8,3.3150942000000003,172,358
1498983660.0,2449.73,2450.2,2449.93,2450.2,3.64267659,860,180
1498897260.0,2507.24,2508.26,2508.08,2508.08,0.64499408,724,179
1498810860.0,2525.73,2525.73,2525.73,2525.73,0.0627,364,179
1498724460.0,2580.23,2581.79,2580.23,2581.78,4.84756681,183,895
1498638060.0,2516.96,2519.12,2516.96,2516.99,0.21899597,182,552
1498551660.0,2371.33,2376.29,2376.29,2373.85,1.29334973,4644,185
1498465260.0,2481.04,2481.62,2481.62,2481.38,2.00636868,1860,185
1498378860.0,2577.05,2578.6,2578.24,2577.07,1.37460855,1122,184
1498292460.0,2706.66,2707.43,2707.43,2706.66,0.60523209,188,486
1498206060.0,2684.93,2687.9,2687.9,2684.94,2.7810505300000004,188,378
1498119660.0,2633.52,2634.15,2633.87,2634.15,2.0980353700000003,376,190
1498033260.0,2730.82,2730.88,2730.83,2730.88,3.62460591,191,1134
1497946860.0,2620.1,2620.23,2620.23,2620.1,1.14372809,188,1152
1497860460.0,2553.01,2553.06,2553.06,2553.01,1.57879371,187,965
1497774060.0,2525.35,2526.93,2525.35,2526.89,7.01972144,187,776
1497687660.0,2514.28,2514.97,2514.36,2514.97,3.72889609,187,585
1497601260.0,2471.63,2471.89,2471.88,2471.88,2.33930285,2604,196
1497514860.0,2468.96,2474.69,2469.0,2474.69,6.93997773,2561,196
1497428460.0,2769.64,2770.66,2769.87,2770.2,5.04806915,198,322
1497342060.0,2752.99,2753.8,2753.8,2753.0,0.90760816,1584,199
1497255660.0,2954.58,2956.65,2955.51,2955.08,1.3292576100000002,200,0
1497169260.0,2892.37,2893.63,2893.63,2892.37,1.68933864,200,0
1497082860.0,2820.09,2826.58,2826.58,2820.09,1.0630529,200,606
1496996460.0,2809.95,2809.96,2809.96,2809.96,0.80055498,200,406
1496910060.0,2783.28,2784.11,2784.11,2783.29,0.53964842,600,204
1496823660.0,2831.53,2834.98,2834.96,2834.97,3.32898461,410,202
1496737260.0,2839.99,2842.0,2839.99,2842.0,0.35814841,206,0
1496650860.0,2575.99,2577.99,2575.99,2577.99,6.994653870000001,198,2277
1496564460.0,2531.85,2531.86,2531.86,2531.86,1.1431762099999998,198,1872
1496478060.0,2493.12,2494.54,2493.75,2493.75,0.25148918000000003,198,1672
1496391660.0,2432.86,2433.64,2432.86,2433.62,0.06000000000000001,372,210
1496305260.0,2448.75,2449.12,2448.78,2449.12,7.7629097699999985,211,1260
1496218860.0,2221.0,2223.92,2221.18,2221.08,3.5432236100000005,672,212
1496132460.0,2299.36,2300.9,2300.9,2299.38,5.717855099999998,213,848
1496046060.0,2223.81,2224.9,2224.9,2223.99,1.67238376,426,214
1495959660.0,2268.37,2271.98,2271.98,2270.99,3.8231084799999993,215,428
1495873260.0,2101.79,2111.07,2110.11,2103.96,4.2913550900000015,1008,216
1495786860.0,2569.41,2590.95,2590.95,2573.48,2.63460214,434,208
1495700460.0,2655.68,2659.96,2656.3,2659.96,2.6140604199999995,218,0
1495614060.0,2329.67,2331.83,2331.83,2329.96,2.70647595,217,0
1495527660.0,2183.12,2184.07,2183.12,2184.07,1.7052631299999998,217,0
1495441260.0,2172.32,2172.32,2172.32,2172.32,0.02183675,217,0
1495354860.0,2068.81,2069.99,2068.81,2069.0,0.047022900000000006,168,0
1495268460.0,1995.0,1995.79,1995.0,1995.79,0.05533235,167,0
1495182060.0,1924.27,1925.51,1924.27,1925.51,2.16314138,0,0
1495095660.0,1819.88,1820.7,1820.69,1820.1,1.41213367,0,225
1495009260.0,1827.29,1827.87,1827.29,1827.87,0.21,226,1350
1494922860.0,1718.6,1719.05,1718.6,1719.05,1.03177679,0,227
1494836460.0,1729.06,1736.24,1729.06,1736.24,0.9567293,456,227
1494750060.0,1817.31,1818.01,1817.68,1818.01,0.31000000000000005,229,681
1494663660.0,1695.43,1695.43,1695.43,1695.43,0.02,0,230
1494577260.0,1787.94,1788.22,1787.95,1788.22,0.50477328,462,230
1494490860.0,1887.31,1889.0,1887.31,1889.0,5.150312390000002,232,0
1494404460.0,1741.9,1744.11,1741.9,1744.11,0.87160786,231,0
1494318060.0,1716.24,1716.24,1716.24,1716.24,0.02412973,231,0
1494231660.0,1649.81,1649.85,1649.81,1649.85,0.1065433,0,0
1494145260.0,1591.09,1591.84,1591.09,1591.82,7.0756839499999975,0,236
1494058860.0,1592.63,1593.31,1593.31,1593.3,0.76407125,474,236
1493972460.0,1614.81,1616.3,1616.3,1614.97,1.17756329,238,0
1493886060.0,1579.47,1579.48,1579.47,1579.47,2.09191778,0,0
1493799660.0,1457.73,1457.93,1457.73,1457.93,1.94290548,0,0
1493713260.0,1450.89,1450.92,1450.9,1450.92,1.0315,0,0
1493626860.0,1411.99,1412.0,1412.0,1411.99,1.8578328000000002,0,0
1493540460.0,1342.76,1343.1,1343.1,1342.76,1.09430185,0,243
1493454060.0,1360.66,1360.7,1360.7,1360.66,0.15024768,244,0
1493367660.0,1345.49,1345.5,1345.49,1345.5,6.92807578,244,0
1493281260.0,1314.77,1316.79,1316.79,1314.78,1.4388903,0,0
1493194860.0,1289.47,1289.62,1289.62,1289.47,0.0779,0,13091
1493108460.0,1268.87,1268.88,1268.88,1268.87,1.0263,0,12152
1493022060.0,1252.64,1252.99,1252.94,1252.66,0.22177528,0,9960
1492935660.0,1249.72,1249.99,1249.98,1249.72,2.48664413,0,9750
1492849260.0,1245.13,1248.24,1248.24,1245.13,0.8174005100000001,0,251
1492762860.0,1249.49,1249.49,1249.49,1249.49,1.45005417,252,9287
1492676460.0,1222.92,1224.08,1222.92,1223.3,1.3776396,0,8855
1492590060.0,1192.02,1192.09,1192.02,1192.09,0.0244,0,254
1492503660.0,1198.47,1198.68,1198.47,1198.68,0.12218565,255,1524
1492417260.0,1177.54,1177.89,1177.89,1177.54,0.073,0,256
1492330860.0,1187.64,1187.65,1187.65,1187.64,0.19254095,257,1024
1492244460.0,1179.32,1179.32,1179.32,1179.32,0.131,2313,258
1492158060.0,1185.02,1185.85,1185.02,1185.24,0.13670000000000002,259,516
1492071660.0,1182.93,1182.97,1182.93,1182.97,0.1229,1813,260
1491985260.0,1219.33,1219.52,1219.51,1219.52,0.11924708,261,6858
1491898860.0,1207.21,1207.43,1207.43,1207.21,0.32058190000000003,522,262
1491812460.0,1208.58,1208.58,1208.58,1208.58,0.0409,263,6550
1491726060.0,1184.74,1184.74,1184.74,1184.74,1.1416,783,264
1491639660.0,1194.07,1194.46,1194.07,1194.35,0.21175937,265,6072
1491553260.0,1194.11,1194.11,1194.11,1194.11,0.486008,265,5852
1491466860.0,1158.75,1158.91,1158.9,1158.91,0.7502,0,534
1491380460.0,1118.9,1118.9,1118.9,1118.9,0.08168283,0,268
1491294060.0,1158.7,1159.33,1158.81,1159.02,2.69391901,269,5073
1491207660.0,1131.83,1133.95,1133.95,1132.26,0.4203355300000001,269,4860
1491121260.0,1093.8,1093.8,1093.8,1093.8,0.141,0,271
1491034860.0,1097.17,1097.78,1097.17,1097.78,0.19183855,272,4065
1490948460.0,1054.0,1054.0,1054.0,1054.0,5.49392838,0,2457
1490862060.0,1048.71,1048.72,1048.71,1048.72,0.41639136,0,2192
1490775660.0,1018.62,1018.62,1018.62,1018.62,0.9258,0,275
1490689260.0,1046.37,1046.91,1046.38,1046.91,0.79866831,276,1650
1490602860.0,997.27,997.27,997.27,997.27,0.7476,0,831
1490516460.0,951.98,951.99,951.98,951.99,0.59035434,0,556
1490430060.0,928.0,928.09,928.03,928.0,1.38403907,0,279
1490343660.0,1013.37,1013.74,1013.37,1013.63,0.2485351,1400,277
1490257260.0,1033.75,1033.76,1033.75,1033.76,0.7849999999999999,843,277
1490170860.0,1062.56,1063.21,1063.21,1062.56,0.2615,564,273
1490084460.0,1078.72,1078.73,1078.72,1078.73,0.3074,283,1092
1489998060.0,1019.12,1020.42,1020.42,1019.12,0.4063079900000001,281,568
1489911660.0,1010.82,1010.82,1010.82,1010.82,0.0767,8960,285
1489825260.0,1068.9,1070.22,1070.22,1069.16,0.63428751,7436,284
1489738860.0,1119.25,1121.4,1121.4,1119.25,1.13930644,6601,271
1489652460.0,1233.22,1233.66,1233.66,1233.22,0.6650795800000001,864,253
1489566060.0,1255.0,1255.0,1255.0,1255.0,0.5987,289,1992
1489479660.0,1236.16,1236.2,1236.2,1236.19,0.4194,289,2030
1489393260.0,1224.5,1224.5,1224.5,1224.5,0.88145101,288,1746
1489306860.0,1187.04,1187.04,1187.04,1187.04,0.22699999999999998,864,292
1489220460.0,1196.35,1196.78,1196.78,1196.35,1.1484289399999998,586,292
1489134060.0,1198.0,1198.0,1198.0,1198.0,1.99398834,294,584
1489047660.0,1181.64,1183.4,1181.64,1183.4,2.13373799,3168,295
1488961260.0,1205.1,1205.2,1205.1,1205.2,2.1295,2072,292
1488874860.0,1280.92,1280.92,1280.92,1280.92,0.0209,594,248
1488788460.0,1282.0,1282.32,1282.0,1282.31,1.45451903,298,496
1488702060.0,1252.04,1252.04,1252.04,1252.04,1.3101,891,299
1488615660.0,1291.7,1291.7,1291.7,1291.7,0.014681,300,0
1488529260.0,1281.46,1281.46,1281.46,1281.46,0.8997999999999999,300,0
1488442860.0,1228.09,1228.47,1228.09,1228.47,0.1319,297,0
1488356460.0,1194.77,1194.79,1194.79,1194.77,0.27090000000000003,296,0
1488270060.0,1193.4,1194.77,1194.77,1193.4,0.43590674,296,0
1488183660.0,1184.09,1184.12,1184.12,1184.09,0.4034,296,610
1488097260.0,1162.75,1162.75,1162.75,1162.75,1.2066,864,306
1488010860.0,1184.67,1184.68,1184.67,1184.68,0.9099,307,0
1487924460.0,1168.09,1168.1,1168.09,1168.09,1.2975780000000001,307,0
1487838060.0,1133.99,1133.99,1133.99,1133.99,0.59648992,288,15141
1487751660.0,1116.78,1116.78,1116.78,1116.78,0.2273,287,14880
1487665260.0,1093.19,1093.2,1093.2,1093.19,0.19007299,287,14617
1487578860.0,1063.0,1063.0,1063.0,1063.0,0.12620936,858,312
1487492460.0,1064.63,1064.63,1064.63,1064.63,0.02,626,312
1487406060.0,1070.59,1070.59,1070.59,1070.59,0.15306233,314,13728
1487319660.0,1042.29,1042.74,1042.74,1042.29,0.3563071,286,2520
1487233260.0,1023.44,1024.04,1023.45,1024.04,0.6480521,286,2212
1487146860.0,1009.46,1009.46,1009.46,1009.46,0.10592348,1400,317
1487060460.0,1014.0,1014.03,1014.0,1014.03,3.72586761,636,317
1486974060.0,1015.01,1015.73,1015.72,1015.01,0.08100386000000004,319,1268
1486887540.0,1013.49,1013.49,1013.49,1013.49,0.09897399,636,320
1486801140.0,1014.73,1014.73,1014.73,1014.73,0.53188254,321,640
1486714740.0,978.64,978.64,978.64,978.64,0.06,2520,322
1486628340.0,1066.29,1066.29,1066.29,1066.29,0.01,323,11025
1486541940.0,1026.42,1027.76,1027.12,1026.42,1.5628673700000002,646,324
1486455540.0,1045.7,1045.7,1045.7,1045.7,0.2596,325,10692
1486369140.0,1020.99,1021.0,1021.0,1021.0,1.3108698799999998,646,326
1486282740.0,1028.49,1028.73,1028.49,1028.73,1.0142,327,10106
1486196340.0,1013.5,1013.51,1013.51,1013.5,0.4737,646,328
1486109940.0,1015.74,1016.64,1016.64,1015.74,2.37151341,329,9512
1486023540.0,988.99,988.99,988.99,988.99,0.6055999999999999,323,9240
1485937140.0,978.34,978.34,978.34,978.34,0.046,280,8937
1485850740.0,934.73,934.74,934.74,934.74,0.52661291,280,2988
1485764340.0,920.82,920.82,920.82,920.82,0.9279999999999999,0,333
1485677940.0,924.99,924.99,924.99,924.99,0.024,334,2331
1485591540.0,924.14,924.14,924.14,924.14,0.3534,334,1675
1485505140.0,918.17,918.17,918.17,918.17,0.1051,0,1344
1485418740.0,901.48,901.48,901.48,901.48,0.6365000000000001,0,674
1485332340.0,899.8,899.85,899.8,899.85,0.16,0,338
1485245940.0,917.99,918.0,917.99,917.99,0.2645,1356,337
1485159540.0,924.73,924.95,924.95,924.73,0.4305,680,335
1485073140.0,942.63,942.63,942.63,942.63,1.0,341,5312
1484986740.0,918.63,918.94,918.94,918.63,0.08,340,4446
1484900280.0,898.35,898.35,898.35,898.35,0.042239,0,343
1484813820.0,898.45,898.45,898.45,898.45,0.22184365,344,2744
1484727120.0,896.64,897.13,897.13,896.64,0.02,0,2415
1484640720.0,894.99,895.0,895.0,894.99,2.91,0,2076
1484554320.0,838.83,838.86,838.86,838.83,0.31,0,1735
1484467800.0,824.09,824.09,824.09,824.09,7.04841641,0,348
1484381400.0,831.41,831.41,831.41,831.41,0.03,349,1044
1484295000.0,793.29,793.29,793.29,793.29,0.012762899999999999,0,700
1484208600.0,760.49,764.24,760.49,764.24,0.22742974,0,351
1484122200.0,916.3,916.4,916.3,916.39,0.57376121,352,1029
1484035800.0,906.48,907.2,906.48,907.2,0.12,352,706
1483949400.0,891.81,891.87,891.87,891.81,3.3382485,704,354
1483863000.0,929.95,929.99,929.99,929.95,1.3515927,355,684
1483776600.0,837.74,840.55,840.55,840.5,3.13802337,5984,356
1483690200.0,963.05,963.85,963.16,963.05,2.37552108,2142,332
1483603800.0,1164.53,1165.25,1165.25,1164.53,0.65587352,358,0
1483517400.0,1060.85,1061.22,1061.22,1060.85,0.07652999999999999,358,0
1483431000.0,1018.3,1019.18,1018.3,1019.18,0.21581999999999998,358,0
1483344600.0,1010.8,1011.41,1011.41,1010.8,0.06676239999999999,358,0
1483258200.0,968.6,968.62,968.6,968.62,0.3103,358,1086
1483171800.0,962.07,962.08,962.08,962.07,0.14571510000000001,357,726
1483085400.0,949.2,949.2,949.2,949.2,0.0924,714,364
1482999000.0,979.87,979.9,979.9,979.88,0.7744300000000001,365,0
1482912600.0,947.09,947.29,947.29,947.09,0.13407336,357,0
1482826200.0,911.92,911.93,911.93,911.92,5.52230885,357,0
1482739800.0,900.89,900.89,900.89,900.89,0.01,357,736
1482653400.0,860.63,861.0,861.0,860.98,0.43734902,1428,369
1482567000.0,910.55,910.75,910.75,910.56,3.10975956,370,0
1482480600.0,907.54,907.89,907.54,907.89,0.2708700000000001,370,0
1482394200.0,861.34,861.49,861.34,861.49,0.7141,370,0
1482307800.0,810.66,810.87,810.66,810.87,0.11,352,0
1482221400.0,790.97,791.0,791.0,790.97,0.16954999999999998,1056,374
1482135000.0,794.86,794.87,794.86,794.86,0.14,375,0
1482048600.0,790.99,790.99,790.99,790.99,0.03832,375,0
1481962200.0,789.49,789.49,789.49,789.49,0.44151999999999997,352,0
1481875800.0,780.23,780.24,780.24,780.23,5.1505177999999985,352,756
1481789400.0,780.0,780.0,780.0,780.0,0.29531999999999997,704,379
1481703000.0,781.47,781.49,781.47,781.49,0.6015400000000001,380,0
1481616600.0,779.19,779.19,779.19,779.19,0.28836196000000003,352,0
1481530200.0,772.96,773.0,773.0,772.96,0.29212491,352,0
1481443800.0,767.05,767.05,767.05,767.05,0.09032000000000001,1056,383
1481357400.0,772.95,772.95,772.95,772.95,3.74652,384,0
1481271000.0,768.94,768.96,768.96,768.94,0.47261000000000003,384,0
1481184600.0,765.46,765.48,765.48,765.46,0.21773,352,2316
1481098200.0,753.96,754.24,753.96,754.24,0.2994136,0,387
1481011800.0,756.06,756.06,756.06,756.06,0.17057999999999998,1940,387
1480925400.0,757.44,757.44,757.44,757.44,0.60819,1556,387
1480839000.0,764.08,764.08,764.08,764.08,0.01,390,774
1480752600.0,759.79,759.93,759.93,759.79,0.0335591,780,391
1480666200.0,766.86,767.05,767.05,766.86,0.11662543,392,0
1480579800.0,747.12,747.12,747.12,747.12,0.40966438,0,4323
1480493400.0,734.94,734.94,734.94,734.94,0.19222245,0,1576
1480407000.0,730.89,731.36,731.36,731.27,0.90770064,0,395
1480320600.0,732.32,732.35,732.32,732.35,2.02976,1188,395
1480234200.0,733.95,733.95,733.95,733.95,0.26767594,794,395
1480147800.0,737.82,737.85,737.85,737.82,0.24268,398,788
1480061400.0,732.16,732.16,732.16,732.16,0.23456999999999997,3564,399
1479975000.0,738.88,738.89,738.88,738.89,0.40111,800,394
1479888600.0,745.49,745.49,745.49,745.49,1.5293,401,1182
1479802200.0,737.29,737.29,737.29,737.29,0.03,400,804
1479715800.0,733.84,733.84,733.84,733.84,0.87041,2000,403
1479629340.0,750.25,750.25,750.25,750.25,0.0103,808,393
1479542940.0,751.03,751.03,751.03,751.03,0.13710642,405,59736
1479456540.0,740.0,740.0,740.0,740.0,0.97341,808,406
1479370140.0,747.37,747.42,747.37,747.42,0.63559391,407,60900
1479283740.0,714.35,714.49,714.35,714.49,0.37255,0,1632
1479197280.0,711.29,711.29,711.29,711.29,0.05,0,1227
1479110880.0,704.86,704.86,704.86,704.86,0.01000011,0,820
1479024480.0,694.42,694.42,694.42,694.42,0.242,0,411
1478938080.0,714.94,714.94,714.94,714.94,0.70063,412,816
1478851680.0,714.73,714.83,714.83,714.78,0.34777514,1236,413
1478765280.0,717.99,717.99,717.99,717.99,0.1004,828,408
1478678880.0,742.41,742.42,742.42,742.41,1.7714900000000002,415,57936
1478592480.0,704.58,704.58,704.58,704.58,0.19086,1236,416
1478506020.0,711.07,711.07,711.07,711.07,0.03533,834,416
1478419620.0,717.09,717.1,717.1,717.1,0.7398999999999999,418,1248
1478333220.0,704.29,704.29,704.29,704.29,0.0305,412,838
1478246820.0,703.81,703.9,703.81,703.9,0.70126,1648,420
1478160420.0,735.08,735.08,735.08,735.08,0.15,421,56576
1478074020.0,726.98,726.98,726.98,726.98,0.25129,421,56970
1477987620.0,720.06,720.06,720.06,720.06,0.57,421,56682
1477901220.0,699.21,699.21,699.21,699.21,0.07382661,1236,424
1477814820.0,710.94,711.01,710.94,711.01,0.13,425,55544
1477728420.0,702.6,702.6,702.6,702.6,0.8759100000000001,425,55380
1477642020.0,686.98,686.98,686.98,686.98,0.10257999999999999,0,427
1477555620.0,686.99,686.99,686.99,686.99,0.555,428,54656
1477469220.0,654.63,654.64,654.63,654.64,0.35703,0,37752
1477382820.0,653.05,653.18,653.05,653.09,0.13801723000000002,0,860
1477296420.0,647.99,648.01,648.01,647.99,0.07418999999999999,0,431
1477210020.0,653.89,653.9,653.9,653.89,2.47585,432,36550
1477123620.0,632.99,632.99,632.99,632.99,0.10749,0,1299
1477037220.0,629.27,629.27,629.27,629.27,0.1,0,434
1476950820.0,629.75,629.75,629.75,629.75,0.04376,4350,434
1476864420.0,636.99,636.99,636.99,636.99,0.10166,2180,433
1476778020.0,638.95,638.97,638.95,638.97,0.1633674,1748,433
1476691620.0,640.79,640.79,640.79,640.79,0.23438,876,433
1476605220.0,641.75,641.75,641.75,641.75,0.013680000000000001,439,33341
1476518520.0,639.39,639.41,639.39,639.41,0.17817281,438,1320
1476432120.0,636.81,636.81,636.81,636.81,0.42066000000000003,1308,441
1476345720.0,638.13,638.13,638.13,638.13,0.27143,884,441
1476259260.0,640.12,640.18,640.18,640.12,0.49423999,443,32120
1476172860.0,631.1,631.11,631.1,631.11,0.08731,436,31968
1476086460.0,619.06,619.1,619.1,619.06,0.14964,0,890
1476000000.0,618.37,618.38,618.38,618.37,0.25913,0,446
1475913600.0,619.51,619.51,619.51,619.51,1.88769,447,12015
1475827200.0,613.49,613.5,613.5,613.49,1.3459599999999998,0,1792
1475740800.0,612.91,612.91,612.91,612.91,0.35736999999999997,0,1347
1475654400.0,610.62,610.65,610.65,610.62,1.26065,0,900
1475568000.0,610.02,610.11,610.02,610.11,3.70299,0,451
1475481600.0,614.55,614.59,614.55,614.59,0.36633000000000004,452,9856
1475395200.0,613.36,613.36,613.36,613.36,0.01234,452,9513
1475308800.0,613.2,613.2,613.2,613.2,0.33468000000000003,452,9080
1475222400.0,606.44,606.44,606.44,606.44,0.00538554,0,1365
1475136000.0,603.93,603.94,603.94,603.94,0.46962724,0,456
1475049600.0,604.03,604.05,604.03,604.05,0.17970784,914,456
1474963200.0,606.59,606.59,606.59,606.59,0.84303,458,3185
1474876800.0,602.46,602.47,602.47,602.46,2.94594,0,459
1474790400.0,603.1,603.1,603.1,603.1,0.03258,920,459
1474704000.0,603.74,603.74,603.74,603.74,1.0002799999999998,461,1836
1474617600.0,596.99,596.99,596.99,596.99,2.28182,0,924
1474531200.0,596.85,596.85,596.85,596.85,0.33749,0,463
1474444800.0,598.63,598.67,598.67,598.63,0.69384128,8352,462
1474358400.0,609.69,609.83,609.69,609.83,0.04319744,930,455
1474272000.0,610.19,610.19,610.19,610.19,0.02,466,3640
1474185600.0,607.58,607.59,607.58,607.59,0.011170000000000001,930,467
1474099200.0,608.26,608.26,608.26,608.26,0.19188,468,1401
1474012740.0,607.48,607.5,607.5,607.48,1.42984,1395,469
1473926340.0,608.19,608.19,608.19,608.19,6.923e-05,940,469
1473839940.0,609.39,609.39,609.39,609.39,0.01124959,471,1401
1473753540.0,607.21,607.39,607.21,607.39,0.95332951,4185,472
1473667140.0,608.43,608.43,608.43,608.43,0.07132999999999999,3784,472
1473580740.0,624.01,624.1,624.01,624.1,0.24206889,474,18245
1473494340.0,622.31,622.31,622.31,622.31,0.7074,948,475
1473407940.0,622.54,622.89,622.89,622.54,0.28315,476,18525
1473321540.0,615.77,615.77,615.77,615.77,0.23487,474,18126
1473235140.0,610.64,610.64,610.64,610.64,0.0287717,474,17686
1473148740.0,609.61,609.61,609.61,609.61,1.37249,474,17244
1473062340.0,609.59,609.59,609.59,609.59,0.08876,474,16800
1472975940.0,599.2,599.2,599.2,599.2,0.18028,465,15873
1472889540.0,576.52,576.52,576.52,576.52,0.0621,0,3856
1472803140.0,571.08,571.24,571.08,571.24,0.64567,0,966
1472716740.0,571.12,571.48,571.48,571.12,1.10323092,0,484
1472630340.0,572.97,572.97,572.97,572.97,0.70758,1455,483
1472543940.0,575.69,575.7,575.69,575.69,0.13256400000000002,486,1449
1472457480.0,573.77,573.77,573.77,573.77,0.2552,486,974
1472371080.0,571.6,571.6,571.6,571.6,0.04394,5820,488
1472284680.0,576.42,576.42,576.42,576.42,0.24936999999999998,978,483
1472198280.0,576.98,576.99,576.99,576.99,0.6608799999999999,490,964
1472111880.0,574.98,574.98,574.98,574.98,0.55608,2445,491
1472025480.0,580.84,580.85,580.84,580.85,0.16799999999999998,984,482
1471939020.0,586.5,586.51,586.51,586.5,0.24669000000000002,493,4820
1471852620.0,580.45,580.47,580.46,580.45,0.2156,984,494
1471766220.0,583.47,583.47,583.47,583.47,0.42031,495,3458
1471679820.0,574.94,574.94,574.94,574.94,0.09,489,1488
1471593420.0,574.2,574.21,574.2,574.21,0.7127131600000001,1467,497
1471507020.0,574.37,574.37,574.37,574.37,0.5187317,996,497
1471420620.0,579.91,579.91,579.91,579.91,0.42606334,499,1488
1471334220.0,568.32,568.32,568.32,568.32,0.0354327,0,500
1471247760.0,573.34,573.34,573.34,573.34,0.059267999999999994,6012,500
1471161360.0,583.63,583.63,583.63,583.63,0.06736,4016,494
1471074960.0,588.49,588.49,588.49,588.49,0.11744,1509,482
1470988560.0,588.6,588.6,588.6,588.6,0.21855700000000008,1008,482
1470902100.0,593.66,593.73,593.66,593.73,0.09849522,505,1928
1470815700.0,587.76,588.56,587.76,588.42,2.17703388,2012,506
1470729300.0,589.06,589.31,589.31,589.06,3.28100022,1521,506
1470642900.0,591.38,591.38,591.38,591.38,0.55472,1016,506
1470556500.0,594.95,594.95,594.95,594.95,0.07052,509,2410
1470470100.0,577.1,577.11,577.1,577.11,0.09159869999999999,502,1020
1470383700.0,574.59,574.6,574.6,574.59,0.45183,1004,511
1470297300.0,582.67,582.7,582.68,582.7,0.36766,512,1020
1470210900.0,548.24,548.29,548.25,548.29,0.4356974,0,513
1470124500.0,606.3,606.85,606.85,606.3,0.273332,20560,481
1470038100.0,624.94,625.36,625.36,624.94,0.06273,20085,445
1469951700.0,642.31,642.31,642.31,642.31,0.08372,15996,433
1469865300.0,657.47,657.56,657.47,657.56,0.46312318,1034,429
1469778900.0,657.27,657.59,657.27,657.59,0.8619600000000001,518,3003
1469692500.0,657.03,657.03,657.03,657.03,0.03341706,517,2076
1469606100.0,654.73,654.92,654.91,654.73,0.19305999999999998,517,1040
1469519700.0,647.64,647.84,647.84,647.65,2.45116632,9306,521
1469433240.0,655.94,655.97,655.94,655.97,6.919789999999999,6786,520
1469346780.0,657.57,658.09,658.09,657.57,0.26549605000000004,523,1038
1469260380.0,657.21,657.21,657.21,657.21,0.02588,4707,524
1469173980.0,668.32,668.32,668.32,668.32,0.2392,525,858
1469087580.0,665.5,665.5,665.5,665.5,0.05871000000000001,3150,526
1469001180.0,672.43,672.48,672.48,672.43,0.05119,1581,429
1468914780.0,676.05,676.14,676.14,676.05,2.07232509,1056,429
1468828380.0,681.74,681.76,681.74,681.76,0.74392,529,6435
1468741980.0,669.88,669.97,669.97,669.88,0.42964,527,5830
1468655580.0,667.0,667.1,667.1,667.0,0.13794506,527,1593
1468569180.0,665.22,665.22,665.22,665.22,0.15427000000000002,525,1064
1468482780.0,656.2,656.2,656.2,656.2,1.16792,1046,533
1468396380.0,667.23,667.23,667.23,667.23,0.82965,534,3717
1468309980.0,650.33,650.36,650.33,650.36,0.061762140000000014,2088,535
1468223460.0,651.92,651.92,651.92,651.92,0.01670245,536,1070
1468136640.0,650.83,650.86,650.86,650.83,0.261,1072,537
1468050240.0,657.27,657.27,657.27,657.27,0.95276,538,1605
1467963840.0,645.15,645.15,645.15,645.15,0.1,517,1078
1467877440.0,644.39,644.4,644.39,644.4,0.31301,3619,540
1467791040.0,671.81,671.81,671.81,671.81,0.41701216,3246,530
1467704640.0,673.35,673.35,673.35,673.35,0.10565999999999999,2168,530
1467618240.0,674.49,674.97,674.49,674.97,0.05234,1629,530
1467531840.0,683.0,683.0,683.0,683.0,2.10966,544,3432
1467445440.0,679.97,680.11,679.97,680.11,0.12661484,544,3815
1467359040.0,670.04,674.44,670.71,671.96,0.26570026,542,3276
1467272580.0,639.6,639.6,639.6,639.6,0.32842000000000005,516,1094
1467186120.0,639.46,639.46,639.46,639.46,0.04055345,3096,548
1467099720.0,649.62,650.76,650.76,649.62,0.615,2745,547
1467013320.0,655.7,656.0,655.7,656.0,0.29241999999999996,2200,547
1466926920.0,660.52,660.52,660.52,660.52,0.01,1653,547
1466840520.0,686.12,686.13,686.13,686.13,0.78657517,552,1716
1466754120.0,683.94,685.28,683.94,685.28,9.80856,552,1659
1466667720.0,597.47,597.5,597.5,597.47,0.1989,6168,554
1466581320.0,671.49,671.5,671.5,671.49,0.22057,5550,554
1466494920.0,710.71,711.25,710.71,711.25,0.08295999999999999,3336,424
1466408520.0,763.51,763.51,763.51,763.51,0.13395,557,0
1466322120.0,755.29,755.29,755.29,755.29,0.61056,557,0
1466235720.0,749.42,749.49,749.49,749.42,3.7363199999999996,557,0
1466149320.0,735.68,735.71,735.71,735.68,0.2342100000000001,557,0
1466062920.0,735.29,735.65,735.29,735.65,4.1250339999999985,557,0
1465976520.0,682.01,682.02,682.01,682.02,1.38112,1668,562
1465890120.0,689.56,689.6,689.56,689.6,0.12,563,0
1465803720.0,687.61,687.99,687.99,687.61,4.2786599999999995,563,0
1465717320.0,630.42,630.42,630.42,630.42,0.20800000000000002,555,0
1465630920.0,585.73,585.78,585.73,585.78,0.03588,514,0
1465544520.0,577.88,577.88,577.88,577.88,0.21996975,1028,567
1465458120.0,580.81,580.81,580.81,580.81,0.02358254,568,1134
1465371720.0,575.34,575.79,575.79,575.34,0.09308,2570,569
1465285320.0,584.51,584.54,584.54,584.51,0.0415,570,1701
1465198920.0,583.69,583.73,583.72,583.73,0.43948000000000004,570,1142
1465112520.0,577.86,577.86,577.86,577.86,0.0312,1140,572
1465026120.0,585.0,585.0,585.0,585.0,0.05255,573,0
1464939720.0,538.04,538.04,538.04,538.04,0.05,0,0
1464853320.0,537.35,537.37,537.35,537.37,0.1323,0,0
1464766920.0,532.98,532.98,532.98,532.98,0.015,0,576
1464680460.0,534.62,534.62,534.62,534.62,0.02,577,0
1464594060.0,530.02,530.02,530.02,530.02,0.03592,0,0
1464507660.0,518.61,518.61,518.61,518.61,0.02,0,0
1464421260.0,494.77,494.8,494.77,494.8,0.02,0,0
1464334860.0,474.97,475.0,474.99,474.97,0.31295693,0,0
1464248460.0,450.65,450.76,450.68,450.65,0.29208149,0,4074
1464162060.0,449.29,449.3,449.29,449.3,0.11729,0,3498
1464075660.0,446.03,446.03,446.03,446.03,0.12004000000000001,0,2920
1463989200.0,442.63,442.64,442.63,442.64,0.5391900000000001,0,585
1463902800.0,445.02,445.07,445.02,445.07,0.05467,586,1755
1463816400.0,444.36,444.36,444.36,444.36,0.03,586,1174
1463730000.0,443.77,443.78,443.77,443.78,0.239,16994,588
1463643600.0,455.34,455.34,455.34,455.34,0.01,3534,582
1463557200.0,456.07,456.07,456.07,456.07,0.0319,2950,582
1463470800.0,456.08,456.13,456.08,456.13,0.6130800000000001,2364,582
1463384400.0,458.8,458.82,458.8,458.82,0.02057,1184,582
1463298000.0,459.69,459.69,459.69,459.69,0.4237800000000001,593,2910
1463211600.0,456.99,457.01,457.01,456.99,0.21217000000000005,592,2376
1463125200.0,454.2,454.2,454.2,454.2,1.12898924,589,1190
1463038800.0,451.23,451.24,451.24,451.23,0.0514,4123,596
1462952400.0,455.77,455.85,455.77,455.85,4.47213,2985,595
1462866000.0,461.8,461.8,461.8,461.8,0.86084867,598,1164
1462779540.0,460.02,460.02,460.02,460.02,0.42063999999999996,1794,599
1462693140.0,462.75,462.75,462.75,462.75,0.06419,600,6402
1462606740.0,460.31,460.31,460.31,460.31,0.049389999999999996,600,6010
1462520340.0,452.19,452.23,452.23,452.19,0.63658,597,2408
1462433940.0,448.44,448.49,448.46,448.44,0.46982491,1178,603
1462347540.0,451.94,451.94,451.94,451.94,0.15999999999999998,604,1206
1462261140.0,447.38,447.38,447.38,447.38,0.02,2945,605
1462174740.0,456.74,456.74,456.74,456.74,1.0,606,3010
1462088340.0,454.7,454.7,454.7,454.7,0.25450673,1212,607
1462001940.0,455.65,455.71,455.71,455.65,0.26883,608,1821
1461915540.0,450.21,450.48,450.21,450.48,0.11863,606,1218
1461829140.0,445.91,445.91,445.91,445.91,0.07665,4123,610
1461742740.0,469.86,469.86,469.86,469.86,0.09038,611,0
1461656340.0,468.27,468.28,468.28,468.27,24.02382,611,0
1461569940.0,462.23,462.23,462.23,462.23,0.0562569,611,78464
1461483540.0,458.43,458.44,458.43,458.44,0.06234,611,77364
1461397140.0,447.88,447.88,447.88,447.88,0.01228,611,63960
1461310740.0,446.28,446.29,446.28,446.29,1.832,611,62216
1461224280.0,442.99,442.99,442.99,442.99,0.025,586,37020
1461137880.0,437.72,437.73,437.73,437.72,1.25652482,0,36462
1461051480.0,430.21,430.23,430.22,430.22,9.274431199999999,0,619
1460965080.0,431.25,431.41,431.3,431.25,0.08328823,1860,619
1460878680.0,434.11,434.12,434.11,434.12,0.02630436,1242,619
1460792220.0,434.67,434.69,434.67,434.69,0.365,622,28474
1460705820.0,426.14,426.14,426.14,426.14,0.01,0,1246
1460619300.0,425.27,425.4,425.27,425.4,0.4446103400000001,0,624
1460532900.0,427.85,428.18,428.16,427.85,0.05924797,625,26166
1460446500.0,425.77,425.78,425.78,425.77,0.08454,625,25666
1460360100.0,421.95,421.95,421.95,421.95,0.0232,0,1881
1460273700.0,420.69,420.69,420.69,420.69,0.01,0,1256
1460187300.0,417.52,417.52,417.52,417.52,0.0369,0,629
1460100900.0,422.32,422.32,422.32,422.32,2.02088051,630,6270
1460014500.0,421.63,421.63,421.63,421.63,0.0153,1890,631
1459928100.0,421.99,422.0,422.0,421.99,0.6115546,1264,631
1459841700.0,422.07,422.11,422.11,422.07,0.06709999999999999,633,4417
1459755300.0,419.72,419.81,419.72,419.81,0.59449,630,3804
1459668900.0,419.26,419.26,419.26,419.26,0.01,1260,635
1459582500.0,419.33,419.33,419.33,419.33,0.05902,636,2540
1459496100.0,415.44,415.5,415.44,415.5,0.37799999999999995,0,1911
1459409700.0,413.43,413.43,413.43,413.43,1.3774937699999998,0,1276
1459323300.0,411.85,411.87,411.87,411.85,0.64752,0,639
1459236900.0,423.34,423.34,423.34,423.34,1.62026,640,16929
1459150500.0,422.24,422.24,422.24,422.24,0.11052999999999999,640,16666
1459064100.0,416.91,416.91,416.91,416.91,0.12937,1280,642
1458977640.0,417.13,417.28,417.13,417.28,0.011359999999999999,643,5778
1458891000.0,414.86,414.88,414.86,414.88,0.2682,2560,644
1458804600.0,415.41,415.6,415.6,415.41,0.02,1935,644
1458718200.0,416.48,416.48,416.48,416.48,0.42233000000000004,1292,644
1458631740.0,416.49,416.49,416.49,416.49,0.01441,647,3220
1458545340.0,408.69,408.7,408.69,408.7,0.33356,0,648
1458458940.0,410.23,410.34,410.34,410.23,0.04173,649,1296
1458372540.0,409.96,409.98,409.96,409.98,0.34287,7788,650
1458286140.0,414.93,414.94,414.93,414.94,5.9739,1302,648
1458199740.0,418.14,418.15,418.14,418.15,6.1416855299999975,652,8346
1458113340.0,414.16,414.16,414.16,414.16,0.01,1302,653
1458026940.0,415.36,415.52,415.42,415.37,2.9125,654,1959
1457940540.0,413.57,413.57,413.57,413.57,6.01308,2604,655
1457854140.0,413.59,413.59,413.59,413.59,0.40700000000000003,1968,655
1457767740.0,416.12,416.15,416.15,416.12,0.20324,1314,653
1457681340.0,417.19,417.19,417.19,417.19,0.02044493,658,4571
1457594880.0,412.44,412.44,412.44,412.44,0.48153999999999997,651,1318
1457508480.0,410.01,410.01,410.01,410.01,2.0,1302,660
1457422080.0,415.01,415.02,415.01,415.01,4.035245,661,2636
1457335320.0,404.82,404.82,404.82,404.82,0.01627,0,1986
1457248920.0,397.11,397.11,397.11,397.11,1.24308,0,663
1457162520.0,397.72,397.83,397.83,397.72,0.35,13944,663
1457076120.0,421.21,421.3,421.21,421.3,0.15000000000000002,665,1284
1456989720.0,415.34,415.34,415.34,415.34,0.01,5320,666
1456903260.0,433.44,433.49,433.44,433.49,0.743,2001,623
1456816860.0,435.71,435.71,435.71,435.71,8.39923878,1336,619
1456730460.0,437.57,437.58,437.57,437.58,0.051,669,4952
1456644060.0,426.82,426.82,426.82,426.82,0.11,1334,670
1456557660.0,433.0,433.03,433.03,433.0,0.45488999999999996,671,2680
1456471200.0,423.59,423.59,423.59,423.59,0.49658,667,2016
1456384800.0,421.83,422.16,421.83,422.16,0.11488872,667,1346
1456298400.0,414.99,415.07,414.99,415.07,0.09442914,4655,674
1456212000.0,435.26,435.26,435.26,435.26,0.25,675,1340
1456125600.0,434.35,434.35,434.35,434.35,0.34717,1350,676
1456039200.0,443.71,443.9,443.71,443.9,0.8311700000000001,677,24680
1455952800.0,424.94,425.0,424.94,425.0,0.7728093699999999,675,25086
1455866400.0,416.99,417.18,416.99,417.18,0.022000000000000002,1350,679
1455780000.0,419.23,419.25,419.25,419.23,0.28433,680,23765
1455693600.0,411.99,411.99,411.99,411.99,9.488999999999999,665,18387
1455607200.0,401.74,401.75,401.75,401.74,0.12300000000000001,1330,682
1455520800.0,405.72,405.73,405.72,405.73,0.03772,683,17050
1455433980.0,398.48,398.48,398.48,398.48,0.015,665,15732
1455347580.0,389.03,389.03,389.03,389.03,1.078,0,11645
1455261180.0,379.49,379.49,379.49,379.49,0.12146143,0,4802
1455174780.0,374.13,374.23,374.23,374.13,0.02,0,687
1455088380.0,374.48,374.59,374.48,374.59,0.2812,688,1374
1455001980.0,370.64,370.76,370.64,370.76,0.0667,0,689
1454915580.0,379.14,379.14,379.14,379.14,0.17132,690,2061
1454829180.0,376.43,376.43,376.43,376.43,0.013890000000000001,690,1382
1454742780.0,372.94,372.95,372.95,372.94,1.1009799999999998,1380,692
1454656320.0,383.48,383.48,383.48,383.48,0.29884,693,6174
1454569860.0,371.48,371.48,371.48,371.48,0.30246999999999996,13110,694
1454483460.0,372.7,372.7,372.7,372.7,0.01,12510,694
1454397000.0,373.51,373.51,373.51,373.51,0.01,11832,694
1454310600.0,375.38,375.38,375.38,375.38,0.01,11152,694
1454224200.0,381.76,381.87,381.87,381.76,3.05835,698,2082
1454137800.0,380.68,380.78,380.78,380.68,0.02,698,1398
1454051340.0,376.0,376.01,376.0,376.01,0.69443,7678,700
1453964940.0,382.03,382.04,382.04,382.03,0.55706,5608,694
1453878540.0,396.55,396.67,396.67,396.55,0.8555299999999999,702,1370
1453792020.0,391.94,392.42,391.94,392.14,8.152127900000002,1404,703
1453705620.0,398.17,398.17,398.17,398.17,0.13471,704,2055
1453619220.0,389.96,389.96,389.96,389.96,0.01,702,1410
1453532820.0,389.29,389.64,389.64,389.29,0.41331,2106,706
1453446420.0,399.46,399.46,399.46,399.46,0.02302,1414,684
1453360020.0,414.93,414.93,414.93,414.93,0.062310000000000004,708,4767
1453273620.0,379.11,379.11,379.11,379.11,0.01,1402,709
1453187220.0,382.45,382.45,382.45,382.45,0.4529,710,1418
1453100820.0,375.71,375.88,375.71,375.74,0.29732424,1396,711
1453014420.0,382.59,382.59,382.59,382.59,5.0896,712,1418
1452928020.0,365.9,366.0,365.9,366.0,0.9536,0,713
1452841620.0,412.44,412.46,412.44,412.46,0.4,27132,709
1452755220.0,429.18,429.2,429.2,429.18,0.1158,10010,678
1452668820.0,433.16,433.28,433.28,433.16,0.02,5012,678
1452582420.0,447.28,447.28,447.28,447.28,0.185,717,1232
1452496020.0,447.26,447.27,447.27,447.26,4.0882,3585,718
1452409560.0,448.01,448.01,448.01,448.01,0.00158239,2876,615
1452323160.0,450.5,450.53,450.5,450.53,0.02,1440,615
1452236640.0,456.75,456.76,456.76,456.75,0.1397,721,8610
1452150240.0,450.15,450.29,450.29,450.15,1.8675,720,9386
1452063840.0,431.99,431.99,431.99,431.99,0.10621839999999999,4296,723
1451977440.0,433.24,433.24,433.24,433.24,2.5585,3620,723
1451891040.0,433.27,433.27,433.27,433.27,0.0619,725,1446
1451804640.0,433.24,433.26,433.25,433.25,1.0168,2175,726
1451718240.0,435.04,435.04,435.04,435.04,1.3983,1454,723
1451631840.0,435.71,435.74,435.71,435.74,0.07595155,728,4338
1451545440.0,422.96,422.97,422.97,422.96,0.115,14300,729
1451459040.0,432.47,432.51,432.5,432.51,2.0917,730,2916
1451372640.0,423.16,423.16,423.16,423.16,1.2171,13140,731
1451286240.0,429.57,429.57,429.57,429.57,1.105,732,1462
1451199840.0,425.8,425.8,425.8,425.8,7.471660000000001,10980,733
1451113440.0,442.44,442.91,442.44,442.91,0.056037840000000005,2202,723
1451027040.0,457.88,457.88,457.88,457.88,0.01,735,3075
1450940640.0,456.21,456.22,456.21,456.22,3.6117343999999996,735,2944
1450854240.0,437.98,437.98,437.98,437.98,0.51423008,734,2211
1450767780.0,437.32,437.32,437.32,437.32,0.01,734,1476
1450681380.0,436.12,436.12,436.12,436.12,0.02,5872,739
1450594980.0,459.6,459.6,459.6,459.6,3.1252,2220,614
1450508580.0,464.07,464.07,464.07,464.07,0.0691,741,0
1450422060.0,463.18,463.18,463.18,463.18,0.00460655,741,0
1450335660.0,453.97,453.97,453.97,453.97,0.01,740,1486
1450249260.0,453.01,453.02,453.01,453.01,0.41283849,1480,744
1450162860.0,457.08,457.09,457.08,457.09,0.34019999999999995,745,0
1450076460.0,438.6,438.75,438.6,438.75,0.02,740,0
1449990060.0,433.36,433.41,433.41,433.36,0.03,734,0
1449903660.0,424.77,424.78,424.78,424.77,1.7989,732,28424
1449817260.0,422.22,422.22,422.22,422.22,0.5511,715,27713
1449730860.0,412.46,412.54,412.46,412.54,0.14067075,1430,750
1449644460.0,414.2,414.56,414.2,414.56,0.03,751,26250
1449558060.0,393.24,393.36,393.24,393.36,0.0897,714,1504
1449471660.0,386.9,386.9,386.9,386.9,0.25,1428,753
1449385260.0,396.48,396.9,396.9,396.48,0.03,754,24064
1449298860.0,371.24,371.24,371.24,371.24,2.7616,714,3020
1449212460.0,358.7,358.7,358.7,358.7,0.4616,0,756
1449126060.0,364.91,364.92,364.91,364.91,20.61531406,757,1512
1449039660.0,354.08,354.08,354.08,354.08,0.4317,0,758
1448953200.0,377.35,377.36,377.35,377.36,0.1833,1518,755
1448866800.0,382.31,382.32,382.32,382.31,10.6414,760,16610
1448780340.0,356.46,356.46,356.46,356.46,0.01,1518,761
1448693880.0,356.68,356.68,356.68,356.68,0.11,762,13698
1448607480.0,352.03,352.33,352.33,352.03,0.02,0,12971
1448521080.0,333.21,333.21,333.21,333.21,0.6764,0,5348
1448434680.0,319.04,319.05,319.05,319.04,1.2328,0,765
1448348280.0,321.67,321.67,321.67,321.67,0.01,3064,765
1448261880.0,322.73,322.73,322.73,322.73,1.0,2301,765
1448175480.0,325.2,325.21,325.2,325.21,0.098827,1536,765
1448089080.0,326.54,326.54,326.54,326.54,0.17178965000000002,769,1530
1448002680.0,318.07,318.09,318.07,318.09,0.14119665,0,770
1447916280.0,334.61,334.61,334.61,334.61,0.1502,771,1528
1447829880.0,331.33,331.33,331.33,331.33,0.5533,1542,772
1447743480.0,335.69,335.7,335.69,335.7,0.020283,773,3056
1447656960.0,320.89,320.91,320.89,320.91,0.051375,3855,774
1447570560.0,335.62,335.62,335.62,335.62,0.02,775,1548
1447484160.0,334.06,334.39,334.39,334.06,0.3179,1550,776
1447397760.0,340.09,340.09,340.09,340.09,0.053700000000000005,777,2292
1447311360.0,329.99,330.0,330.0,330.0,26.20415568,775,1556
1447224960.0,314.1,314.18,314.18,314.1,0.57265128,0,779
1447138560.0,380.03,380.1,380.1,380.03,0.27,780,1522
1447052160.0,370.27,370.52,370.28,370.52,0.66,2340,781
1446965760.0,386.37,386.37,386.37,386.37,0.0536,782,3020
1446879360.0,384.71,384.72,384.72,384.71,0.28150000000000003,782,1566
1446792960.0,366.99,367.0,366.99,367.0,1.25465256,3120,784
1446706560.0,385.6,391.2,391.2,385.65,0.63070048,1570,783
1446620160.0,428.95,429.46,429.46,428.95,1.398,786,0
1446533760.0,373.98,373.99,373.98,373.99,0.3781,785,0
1446447360.0,330.48,330.53,330.48,330.53,0.03,780,2364
1446360960.0,316.78,316.78,316.78,316.78,0.00662116,2340,789
1446274560.0,329.35,329.35,329.35,329.35,0.02,1580,789
1446188160.0,334.45,334.74,334.45,334.74,4.0306,791,0
1446101760.0,306.95,306.95,306.95,306.95,0.5755,0,0
1446015360.0,300.7,300.71,300.7,300.71,0.03,0,84851
1445928900.0,290.54,290.57,290.57,290.54,3.4985,0,1588
1445842500.0,284.44,284.54,284.44,284.54,0.55630472,0,795
1445756100.0,292.16,292.17,292.17,292.16,0.1106,796,70666
1445669700.0,280.35,280.35,280.35,280.35,0.04,0,63760
1445583300.0,279.66,279.66,279.66,279.66,0.14033195,0,62244
1445496900.0,271.11,271.11,271.11,271.11,0.03836742,0,59925
1445410500.0,269.33,269.33,269.33,269.33,0.1085,0,2400
1445324100.0,266.35,266.35,266.35,266.35,0.00974577,0,1602
1445237700.0,263.84,263.85,263.85,263.84,0.70623,0,802
1445151300.0,270.79,271.34,271.34,270.79,4.037499999999999,803,56800
1445064900.0,268.76,268.97,268.97,268.76,2.6196,803,53064
1444978500.0,256.42,256.44,256.43,256.44,4.091,0,48300
1444892100.0,254.55,254.55,254.55,254.55,0.2304,0,46748
1444805640.0,251.27,251.28,251.27,251.28,0.8230999999999999,0,45999
1444719240.0,246.75,246.75,246.75,246.75,0.1135,0,808
1444632780.0,248.02,248.02,248.02,248.02,1.307,809,44440
1444546380.0,245.74,245.74,245.74,245.74,6.1257,0,3240
1444459980.0,245.13,245.13,245.13,245.13,0.0123,0,2433
1444373580.0,243.62,243.62,243.62,243.62,0.25,0,812
1444287180.0,244.97,244.97,244.97,244.97,0.01,1626,812
1444200780.0,246.88,246.9,246.88,246.9,0.10099999999999999,814,40500
1444114380.0,241.55,241.58,241.58,241.55,0.8402000000000001,0,22005
1444027980.0,239.36,239.36,239.36,239.36,0.1925,0,816
1443941580.0,240.15,240.15,240.15,240.15,0.4222,817,4080
1443855180.0,238.69,238.73,238.7,238.73,0.09000000000000001,0,818
1443768780.0,238.93,238.93,238.93,238.93,0.0144,819,2454
1443682380.0,237.42,237.42,237.42,237.42,0.01,0,820
1443595980.0,238.09,238.09,238.09,238.09,0.4226,1642,820
1443509520.0,240.59,240.65,240.59,240.65,0.02983766,822,16320
1443423120.0,237.4,237.4,237.4,237.4,0.1631,0,13168
1443336540.0,234.84,234.92,234.92,234.84,0.23007579,0,824
1443250140.0,234.99,235.0,235.0,234.99,3.0919,1650,824
1443163740.0,235.95,235.99,235.95,235.99,0.14700000000000002,826,9888
1443077340.0,232.77,232.77,232.77,232.77,0.0669,0,4135
1442990880.0,231.96,231.96,231.96,231.96,16.0,0,2484
1442904480.0,227.15,227.16,227.16,227.15,0.4316,0,829
1442818080.0,228.09,228.11,228.09,228.11,7.5,14940,829
1442731680.0,232.75,232.75,232.75,232.75,0.0726,2493,828
1442645220.0,233.36,233.38,233.38,233.36,0.7774,1664,827
1442558820.0,233.69,233.69,233.69,233.69,0.0827,833,4135
1442472420.0,230.28,230.28,230.28,230.28,0.231,2493,834
1442386020.0,231.1,231.1,231.1,231.1,0.25,1670,834
1442299620.0,231.52,231.63,231.63,231.52,0.0498,836,1668
1442213220.0,228.29,228.29,228.29,228.29,0.0393,9141,837
1442126760.0,236.34,236.34,236.34,236.34,0.17973732,6704,824
1442040300.0,240.28,240.28,240.28,240.28,0.01,1678,823
1441953900.0,240.54,240.58,240.54,240.58,4.8854,840,1646
1441867500.0,236.95,236.95,236.95,236.95,0.02,4195,841
1441781100.0,241.87,242.58,242.58,241.87,2.0145,1684,815
1441694700.0,243.58,243.59,243.59,243.58,0.8251670200000001,843,17115
1441608300.0,240.65,240.66,240.66,240.65,0.41,1684,844
1441521900.0,241.76,241.76,241.76,241.76,0.01,845,16036
1441435500.0,230.76,230.76,230.76,230.76,1.9563,838,5076
1441349100.0,229.2,229.26,229.2,229.25,0.97153847,838,2541
1441262700.0,227.37,227.62,227.37,227.62,0.2857,4980,848
1441176300.0,228.15,228.18,228.18,228.15,2.194,1698,848
1441089900.0,229.72,229.77,229.77,229.72,1.11,850,1694
1441003500.0,227.67,227.86,227.67,227.86,0.2904,2547,851
1440917100.0,230.98,231.07,230.99,230.98,0.03,1704,846
1440830700.0,232.6,232.69,232.69,232.6,0.26,853,5922
1440744300.0,224.8,224.86,224.8,224.86,1.911,0,854
1440657720.0,224.87,224.87,224.87,224.87,0.0442,1710,854
1440571320.0,224.88,225.02,225.02,224.88,1.0647,856,2562
1440484920.0,209.43,209.53,209.48,209.51,0.28000200000000003,0,857
1440398520.0,222.09,222.09,222.09,222.09,9.12,102102,857
1440312120.0,231.04,231.06,231.06,231.04,0.03,60989,854
1440225660.0,233.03,233.03,233.03,233.03,0.06999999999999999,60200,846
1440139140.0,235.13,235.13,235.13,235.13,0.34139801,861,2538
1440052740.0,234.07,234.08,234.08,234.07,0.02,58548,862
1439966340.0,234.16,234.33,234.16,234.33,0.2598,56958,862
1439879940.0,255.11,255.12,255.11,255.12,0.6617,39744,806
1439793540.0,259.8,259.8,259.8,259.8,0.0019,38060,805
1439707140.0,261.33,261.33,261.33,261.33,0.3822,36372,805
1439620740.0,266.9,266.91,266.9,266.91,0.3872,867,2415
1439534340.0,263.74,263.91,263.88,263.79,9.123,4335,868
1439447940.0,264.84,264.89,264.84,264.89,0.05450000000000002,3476,868
1439361540.0,269.4,269.4,269.4,269.4,0.25,870,3216
1439275140.0,266.73,266.73,266.73,266.73,0.03,1740,871
1439188740.0,266.99,266.99,266.99,266.99,1.569,872,1742
1439102340.0,263.02,263.02,263.02,263.02,0.0133,30345,873
1439015940.0,278.3,278.34,278.34,278.3,1.9991,874,1598
1438929540.0,278.0,278.0,278.0,278.0,0.0911,12236,875
1438843140.0,280.35,280.35,280.35,280.35,0.5675,3504,797
1438756740.0,283.63,283.79,283.63,283.79,0.4239,877,3985
1438670340.0,283.31,283.32,283.31,283.32,7.1829990000000015,877,3512
1438583940.0,282.65,282.65,282.65,282.65,4.60936832,877,2637
1438497540.0,278.6,278.61,278.61,278.6,1.6139,7884,880
1438411140.0,281.23,281.28,281.28,281.23,0.9928,7048,880
1438324740.0,284.82,284.94,284.82,284.94,0.7439,6174,797
1438238340.0,291.03,291.03,291.03,291.03,0.18989971,3532,797
1438151940.0,290.85,291.13,290.85,291.13,0.8314999999999999,2652,797
1438065540.0,297.25,297.25,297.25,297.25,1.1994,885,11910
1437979140.0,292.01,292.01,292.01,292.01,0.3388,885,12404
1437892740.0,289.03,289.04,289.04,289.03,0.12478598,883,9757
1437806340.0,288.15,288.15,288.15,288.15,0.345,883,8880
1437719940.0,277.66,277.66,277.66,277.66,0.05,1748,2667
1437633540.0,277.66,277.66,277.66,277.66,1.1565,874,1778
1437547140.0,276.5,276.5,276.5,276.5,5.8866,4370,891
1437460740.0,279.81,279.81,279.81,279.81,1.9089,892,4445
1437374340.0,277.32,277.38,277.32,277.38,0.2136,2676,893
1437287940.0,277.4,277.41,277.4,277.41,0.04432,1788,893
1437201540.0,278.75,278.75,278.75,278.75,0.03263542,895,1786
1437115140.0,276.18,276.2,276.18,276.19,0.7742,6118,896
1437028740.0,284.56,284.56,284.56,284.56,0.01,5382,889
1436942340.0,290.22,290.23,290.22,290.23,0.018302799999999998,898,1774
1436855880.0,287.89,287.89,287.89,287.89,0.0766,3592,899
1436769480.0,306.56,306.64,306.64,306.56,0.2913,900,0
1436683080.0,301.2,301.22,301.2,301.22,2.4691,900,0
1436596680.0,291.47,291.47,291.47,291.47,0.01,900,104632
1436510280.0,270.3,270.3,270.3,270.3,0.05865239,874,102942
1436423880.0,270.05,270.07,270.07,270.05,0.3828,874,102152
1436337480.0,265.22,265.6,265.22,265.52,0.4845036,2622,905
1436251080.0,267.66,268.01,267.77,267.66,0.31673152000000004,1812,905
1436164680.0,269.93,269.94,269.94,269.93,3.0451000000000006,907,99550
1436078280.0,261.23,261.23,261.23,261.23,0.2,866,4540
1435991880.0,255.34,255.34,255.34,255.34,0.1064,865,1818
1435905480.0,254.69,254.7,254.69,254.69,11.0144,3456,910
1435819020.0,259.01,259.01,259.01,259.01,0.5245,2733,909
1435732620.0,260.28,260.28,260.28,260.28,0.05747766,1824,909
1435646220.0,264.14,264.51,264.51,264.37,4.049999999999999,913,88984
1435559820.0,250.02,250.02,250.02,250.02,0.1,864,9140
1435473420.0,249.76,249.76,249.76,249.76,0.0289,864,8235
1435387020.0,243.47,243.48,243.47,243.48,0.1411,864,2748
1435300620.0,241.04,241.04,241.04,241.04,0.9452,8640,917
1435214220.0,242.68,242.68,242.68,242.68,3.4443,4590,917
1435127760.0,243.5,243.5,243.5,243.5,0.0330458,3676,916
1435041300.0,245.24,245.24,245.24,245.24,0.0026,1840,916
1434954900.0,245.38,245.39,245.39,245.38,5.347,921,2748
1434868500.0,245.01,245.01,245.01,245.01,0.11498856,920,1844
1434782100.0,241.01,241.27,241.01,241.27,12.0674812,3672,923
1434695520.0,250.02,250.07,250.02,250.07,0.9059,924,1828
1434609120.0,245.65,245.65,245.65,245.65,0.9297,1848,925
1434522720.0,251.44,251.45,251.44,251.45,0.05,926,63980
1434436320.0,239.04,239.07,239.07,239.06,0.09951709,864,20394
1434349920.0,236.39,236.42,236.42,236.39,2.1745617000000004,864,15776
1434263520.0,234.08,234.08,234.08,234.08,0.4388,863,13935
1434177060.0,229.98,230.01,230.01,229.98,0.02,859,11160
1434090600.0,229.4,229.4,229.4,229.4,0.2828,2577,931
1434004200.0,229.9,229.9,229.9,229.9,0.8540000000000001,932,9310
1433917800.0,229.62,229.66,229.66,229.62,0.06000000000000001,932,8397
1433831400.0,228.43,228.43,228.43,228.43,0.11874761,859,7472
1433745000.0,224.16,224.16,224.16,224.16,0.05,2577,935
1433658540.0,225.68,225.69,225.69,225.68,0.307,936,5610
1433572140.0,225.12,225.12,225.12,225.12,2.0,936,1874
1433485740.0,223.82,223.89,223.89,223.82,0.20063223,2577,938
1433399340.0,225.23,225.23,225.23,225.23,0.02286596,1878,937
1433312940.0,225.43,225.43,225.43,225.43,0.01,940,1874
1433226540.0,223.71,223.71,223.71,223.71,0.05427001,29206,941
1433140140.0,230.17,230.27,230.27,230.17,1.99005,23550,930
1433053740.0,233.54,233.54,233.54,233.54,0.41600000000000004,10373,930
1432967340.0,236.06,236.13,236.13,236.13,1.514,8496,929
1432880940.0,236.67,236.69,236.69,236.67,0.02914,7560,928
1432794540.0,238.26,238.29,238.29,238.26,0.11,1892,928
1432708140.0,238.4,238.4,238.4,238.4,0.12,947,1856
1432621680.0,237.04,237.08,237.04,237.08,0.0379485,3784,948
1432535220.0,240.76,240.76,240.76,240.76,0.01,949,11124
1432448820.0,239.66,239.66,239.66,239.66,0.05,1898,950
1432362420.0,239.81,239.88,239.88,239.81,0.02743044,951,9500
1432276020.0,236.69,236.7,236.69,236.7,1.34220965,946,3808
1432189620.0,234.76,234.76,234.76,234.76,0.434,944,2859
1432103220.0,233.18,233.28,233.18,233.18,1.13,12259,954
1432016820.0,233.59,233.6,233.59,233.6,0.83090001,11460,954
1431930420.0,236.78,236.79,236.79,236.79,0.5047,10516,952
1431844020.0,237.47,237.47,237.47,237.47,2.8228,2871,952
1431757560.0,237.86,237.92,237.86,237.92,0.03731547,958,2856
1431671160.0,237.71,237.71,237.71,237.71,0.15092295,958,1918
1431584760.0,237.38,237.38,237.38,237.38,1.4068,6699,960
1431498360.0,242.95,242.97,242.97,242.96,1.11548286,961,3708
1431411960.0,241.05,241.11,241.11,241.05,0.34700000000000003,961,2886
1431325560.0,240.02,240.09,240.09,240.02,0.09222999999999999,2883,963
1431239160.0,240.62,240.62,240.62,240.62,0.00133,1928,963
1431152760.0,246.39,246.39,246.39,246.39,0.2354,965,28737
1431066360.0,237.88,237.98,237.88,237.93,0.096,961,3864
1430979960.0,229.64,229.66,229.64,229.66,0.5766,6594,967
1430893560.0,234.71,234.82,234.82,234.72,0.42892579,5808,967
1430807160.0,235.29,235.3,235.29,235.3,0.33692,4845,967
1430720760.0,241.17,241.17,241.17,241.17,0.1251,970,24150
1430634360.0,237.78,237.78,237.78,237.78,2.5,970,20391
1430547960.0,235.47,235.51,235.47,235.51,0.9059,1940,972
1430461560.0,236.67,236.67,236.67,236.67,0.06373,973,17496
1430375100.0,225.63,226.6,226.6,225.63,4.403199829999998,942,4870
1430288700.0,222.71,222.72,222.71,222.72,0.0200015,1718,975
1430202240.0,225.0,225.09,225.0,225.01,0.7937,976,2925
1430115840.0,221.59,221.69,221.69,221.59,0.3015,858,1954
1430029440.0,219.23,219.24,219.24,219.23,0.9103003000000001,64350,978
1429943040.0,230.49,230.57,230.57,230.49,0.4326,3916,974
1429856640.0,230.67,231.07,231.07,230.67,0.59900218,2940,974
1429770240.0,233.95,234.09,233.95,234.09,0.12137,1962,974
1429683840.0,235.09,235.09,235.09,235.09,1.91473952,982,8766
1429597440.0,226.75,226.75,226.75,226.75,1.0116,979,4915
1429511040.0,223.57,223.59,223.57,223.59,0.3603,4895,984
1429424580.0,224.06,224.06,224.06,224.06,0.7285,985,1968
1429338180.0,223.97,223.97,223.97,223.97,0.8059999999999999,2955,986
1429251780.0,226.31,226.32,226.31,226.32,0.19377377,1974,984
1429165380.0,227.14,227.14,227.14,227.14,0.1097,988,2949
1429078980.0,221.81,221.81,221.81,221.81,0.1803,979,1978
1428992580.0,221.06,221.06,221.06,221.06,0.392,59719,990
1428906120.0,237.02,237.09,237.02,237.09,0.5115999999999999,1982,972
1428819720.0,238.2,238.2,238.2,238.2,0.0125,992,1942
1428733320.0,236.14,236.14,236.14,236.14,0.1162,52523,993
1428646920.0,240.27,240.4,240.4,240.34,1.6899,42742,971
1428560520.0,246.05,246.05,246.05,246.05,0.10599828,7960,966
1428474060.0,254.32,254.79,254.79,254.32,0.06000000000000001,2988,914
1428387660.0,254.9,255.0,254.94,255.0,0.5153,1994,914
1428301260.0,259.49,259.97,259.97,259.49,0.9145,998,11882
1428214800.0,252.55,252.55,252.55,252.55,0.015,2988,999
1428128400.0,254.42,254.42,254.42,254.42,2.0,1000,10989
1428042000.0,253.23,253.23,253.23,253.23,0.046,1000,6006
1427955600.0,246.11,246.11,246.11,246.11,0.4019,996,2004
1427869200.0,244.35,244.39,244.38,244.35,3.58807367,33830,1003
1427782740.0,248.58,248.63,248.63,248.63,1.85,1004,3006
1427696280.0,245.8,245.8,245.8,245.8,0.01,5020,1005
1427609880.0,248.52,248.74,248.56,248.52,0.57123008,3018,1005
1427523480.0,254.11,254.12,254.11,254.12,0.04625737,1007,4004
1427437080.0,249.47,249.47,249.47,249.47,2.0,1007,3024
1427350680.0,246.29,246.44,246.29,246.44,0.317,1006,2018
1427264280.0,245.12,245.43,245.12,245.17,0.7234,27108,1010
1427177880.0,267.04,267.04,267.04,267.04,0.66,2022,908
1427091480.0,269.59,269.83,269.65,269.61,0.38296821,1012,4540
1427005020.0,260.21,260.21,260.21,260.21,0.018000000000000002,1011,2026
1426918620.0,258.09,261.0,261.0,258.29,7.975188399999998,2022,1014
1426832220.0,263.47,264.23,264.23,263.47,0.03,1015,2026
1426745820.0,255.17,255.4,255.37,255.17,1.03047127,18198,1016
1426659360.0,285.43,285.44,285.43,285.44,1.569994,4068,903
1426572960.0,293.02,293.22,293.22,293.1,0.266,2036,902
1426486560.0,293.58,293.58,293.58,293.58,1.4378,1019,3608
1426400160.0,285.82,285.89,285.89,285.89,0.125,1018,2040
1426313760.0,284.75,284.99,284.95,284.99,0.1446,5085,1021
1426227360.0,291.48,291.77,291.48,291.77,0.481,4088,1020
1426140960.0,294.42,294.42,294.42,294.42,0.11699999999999999,1023,1804
1426054560.0,292.89,292.89,292.89,292.89,0.10300000000000001,2046,1024
1425968160.0,295.83,296.09,296.06,295.83,10.13363884,1025,0
1425881760.0,279.14,279.33,279.33,279.14,0.48372136,1017,5130
1425795360.0,277.62,277.62,277.62,277.62,0.105,1017,4108
1425708960.0,272.89,272.89,272.89,272.89,0.08,1017,3084
1425622560.0,271.97,272.1,271.97,272.1,0.2178,1017,2058
1425536160.0,270.66,270.87,270.66,270.87,0.0238,3051,1030
1425449760.0,281.52,281.8,281.52,281.8,4.3237665399999985,1031,37962
1425363360.0,276.38,276.44,276.41,276.38,1.7654203999999998,1031,37152
1425276960.0,261.14,261.14,261.14,261.14,0.12968975,1017,36155
1425190560.0,254.83,254.83,254.83,254.83,0.04132922,1011,14476
1425104160.0,252.15,252.2,252.2,252.15,4.474017000000001,1011,13455
1425017760.0,250.97,251.26,251.22,250.97,4.4467,1011,12432
1424931360.0,237.21,237.43,237.24,237.4,0.0551,2982,1037
1424844960.0,239.38,239.4,239.38,239.4,0.23,1038,3111
1424758560.0,238.26,238.27,238.26,238.27,1.01,1038,2078
1424672160.0,237.27,237.61,237.4,237.27,0.0524,5964,1040
1424585700.0,246.56,246.57,246.56,246.57,0.47,2082,1037
1424499300.0,246.44,246.6,246.44,246.6,0.11,1042,6222
1424412900.0,243.2,244.1,244.1,243.2,1.0652,1041,2086
1424326500.0,237.87,237.87,237.87,237.87,0.12,2082,1044
1424240100.0,244.94,244.97,244.95,244.97,2.4688000000000003,1045,3129
1424153700.0,235.81,235.83,235.83,235.81,0.16260000000000002,991,2092
1424067300.0,233.32,233.38,233.32,233.38,0.0302,2973,1047
1423980900.0,256.96,257.2,256.96,256.99,0.6199999999999999,1048,19646
1423894500.0,246.52,247.01,246.52,246.98,16.81424973,1048,17833
1423808100.0,226.7,226.8,226.7,226.8,25.51724113000001,991,9450
1423721700.0,218.67,219.32,218.75,219.32,3.703882310000001,1958,1051
1423635300.0,221.1,221.71,221.28,221.71,0.8466,1052,2102
1423548900.0,218.45,218.49,218.45,218.49,0.9105468000000001,7722,1053
1423462500.0,222.21,222.44,222.21,222.44,0.1254,3162,1051
1423376040.0,225.84,225.9,225.9,225.84,4.0591,1055,4204
1423289640.0,224.32,224.32,224.32,224.32,0.026550599999999997,1055,2112
1423203240.0,218.94,219.01,219.01,218.94,3.6225000000000014,5270,1057
1423116840.0,225.32,225.4,225.32,225.38,0.1411,4232,1056
1423030380.0,226.62,226.94,226.91,226.94,1.9869999999999999,2118,1050
1422943920.0,239.37,239.37,239.37,239.37,0.011000000000000001,1060,4200
1422857520.0,226.0,226.28,226.28,226.0,4.595526280000001,1059,2122
1422771120.0,218.41,218.41,218.41,218.41,0.01,6864,1062
1422684720.0,228.21,228.21,228.21,228.21,2.375,7441,1061
1422598320.0,243.0,243.89,243.0,243.89,1.34754215,1064,2100
1422511920.0,230.51,231.21,230.51,230.88,0.94844002,5320,1065
1422425520.0,255.7,256.15,256.14,255.71,1.0118,3198,1049
1422338940.0,258.8,258.8,258.8,258.8,0.01,2134,1034
1422248280.0,283.28,283.28,283.28,283.28,3.5,1068,10260
1422159180.0,250.91,250.91,250.91,250.91,0.1,1066,9621
1422060540.0,216.0,216.0,216.0,216.0,0.01,3432,1070
1421906580.0,226.32,226.32,226.32,226.32,0.01,1071,7490
1421801580.0,224.0,224.0,224.0,224.0,0.004,2142,1072
1421639340.0,225.51,225.51,225.51,225.51,0.01,1073,5360
1421519520.0,186.0,186.0,186.0,186.0,0.01,0,1074
1421379660.0,189.0,189.0,189.0,189.0,0.01,0,1074
1421285700.0,191.99,192.0,191.99,192.0,0.26000004,0,1074
1421193660.0,200.0,200.0,200.0,200.0,0.01,0,1074
1420748340.0,276.62,293.86,276.62,288.99,0.04,0,0
